periodo;anio;trimestre;categoria;indicador;valor;unidad
2024-Q3;2024;Q3;demanda;llamados_911_unicos;54990;llamados
2024-Q4;2024;Q4;demanda;llamados_911_unicos;63574;llamados
2025-Q1;2025;Q1;demanda;llamados_911_unicos;68419;llamados
2025-Q2;2025;Q2;demanda;llamados_911_unicos;53319;llamados
2025-Q3;2025;Q3;demanda;llamados_911_unicos;55113;llamados
2025-Q4;2025;Q4;demanda;llamados_911_unicos;66568;llamados
2026-Q1;2026;Q1;demanda;llamados_911_unicos;69146;llamados
2024-Q3;2024;Q3;general;delitos_contrav_total;6722;hechos
2024-Q4;2024;Q4;general;delitos_contrav_total;7391;hechos
2025-Q1;2025;Q1;general;delitos_contrav_total;8626;hechos
2025-Q2;2025;Q2;general;delitos_contrav_total;7223;hechos
2025-Q3;2025;Q3;general;delitos_contrav_total;7040;hechos
2025-Q4;2025;Q4;general;delitos_contrav_total;8077;hechos
2026-Q1;2026;Q1;general;delitos_contrav_total;8736;hechos
2024-Q3;2024;Q3;general;delitos_contrav_mes1;n/d;hechos
2024-Q4;2024;Q4;general;delitos_contrav_mes1;2521;hechos
2025-Q1;2025;Q1;general;delitos_contrav_mes1;3097;hechos
2025-Q2;2025;Q2;general;delitos_contrav_mes1;2439;hechos
2025-Q3;2025;Q3;general;delitos_contrav_mes1;2302;hechos
2025-Q4;2025;Q4;general;delitos_contrav_mes1;2666;hechos
2026-Q1;2026;Q1;general;delitos_contrav_mes1;3064;hechos
2024-Q3;2024;Q3;general;delitos_contrav_mes2;n/d;hechos
2024-Q4;2024;Q4;general;delitos_contrav_mes2;2427;hechos
2025-Q1;2025;Q1;general;delitos_contrav_mes2;2934;hechos
2025-Q2;2025;Q2;general;delitos_contrav_mes2;2482;hechos
2025-Q3;2025;Q3;general;delitos_contrav_mes2;2350;hechos
2025-Q4;2025;Q4;general;delitos_contrav_mes2;2588;hechos
2026-Q1;2026;Q1;general;delitos_contrav_mes2;2895;hechos
2024-Q3;2024;Q3;general;delitos_contrav_mes3;n/d;hechos
2024-Q4;2024;Q4;general;delitos_contrav_mes3;2443;hechos
2025-Q1;2025;Q1;general;delitos_contrav_mes3;2595;hechos
2025-Q2;2025;Q2;general;delitos_contrav_mes3;2302;hechos
2025-Q3;2025;Q3;general;delitos_contrav_mes3;2388;hechos
2025-Q4;2025;Q4;general;delitos_contrav_mes3;2823;hechos
2026-Q1;2026;Q1;general;delitos_contrav_mes3;2777;hechos
2024-Q3;2024;Q3;general;pct_contra_propiedad;47;porcentaje
2024-Q4;2024;Q4;general;pct_contra_propiedad;48;porcentaje
2025-Q1;2025;Q1;general;pct_contra_propiedad;46;porcentaje
2025-Q2;2025;Q2;general;pct_contra_propiedad;48;porcentaje
2025-Q3;2025;Q3;general;pct_contra_propiedad;49,76;porcentaje
2025-Q4;2025;Q4;general;pct_contra_propiedad;47,64;porcentaje
2026-Q1;2026;Q1;general;pct_contra_propiedad;48,71;porcentaje
2024-Q3;2024;Q3;general;pct_contra_personas;44;porcentaje
2024-Q4;2024;Q4;general;pct_contra_personas;43;porcentaje
2025-Q1;2025;Q1;general;pct_contra_personas;44;porcentaje
2025-Q2;2025;Q2;general;pct_contra_personas;41;porcentaje
2025-Q3;2025;Q3;general;pct_contra_personas;41,45;porcentaje
2025-Q4;2025;Q4;general;pct_contra_personas;42,97;porcentaje
2026-Q1;2026;Q1;general;pct_contra_personas;40,03;porcentaje
2024-Q3;2024;Q3;propiedad;delitos_contra_propiedad_total;3161;hechos
2024-Q4;2024;Q4;propiedad;delitos_contra_propiedad_total;3538;hechos
2025-Q1;2025;Q1;propiedad;delitos_contra_propiedad_total;n/d;hechos
2025-Q2;2025;Q2;propiedad;delitos_contra_propiedad_total;3502;hechos
2025-Q3;2025;Q3;propiedad;delitos_contra_propiedad_total;3503;hechos
2025-Q4;2025;Q4;propiedad;delitos_contra_propiedad_total;3848;hechos
2026-Q1;2026;Q1;propiedad;delitos_contra_propiedad_total;3848;hechos
2024-Q3;2024;Q3;propiedad;robos_hurtos_total;2364;hechos
2024-Q4;2024;Q4;propiedad;robos_hurtos_total;2724;hechos
2025-Q1;2025;Q1;propiedad;robos_hurtos_total;2903;hechos
2025-Q2;2025;Q2;propiedad;robos_hurtos_total;2605;hechos
2025-Q3;2025;Q3;propiedad;robos_hurtos_total;2670;hechos
2025-Q4;2025;Q4;propiedad;robos_hurtos_total;3014;hechos
2026-Q1;2026;Q1;propiedad;robos_hurtos_total;3195;hechos
2024-Q3;2024;Q3;propiedad;autos_sustraidos;388;unidades
2024-Q4;2024;Q4;propiedad;autos_sustraidos;529;unidades
2025-Q1;2025;Q1;propiedad;autos_sustraidos;567;unidades
2025-Q2;2025;Q2;propiedad;autos_sustraidos;458;unidades
2025-Q3;2025;Q3;propiedad;autos_sustraidos;534;unidades
2025-Q4;2025;Q4;propiedad;autos_sustraidos;558;unidades
2026-Q1;2026;Q1;propiedad;autos_sustraidos;655;unidades
2024-Q3;2024;Q3;propiedad;autos_mes1;153;unidades
2024-Q4;2024;Q4;propiedad;autos_mes1;173;unidades
2025-Q1;2025;Q1;propiedad;autos_mes1;228;unidades
2025-Q2;2025;Q2;propiedad;autos_mes1;139;unidades
2025-Q3;2025;Q3;propiedad;autos_mes1;181;unidades
2025-Q4;2025;Q4;propiedad;autos_mes1;204;unidades
2026-Q1;2026;Q1;propiedad;autos_mes1;236;unidades
2024-Q3;2024;Q3;propiedad;autos_mes2;132;unidades
2024-Q4;2024;Q4;propiedad;autos_mes2;161;unidades
2025-Q1;2025;Q1;propiedad;autos_mes2;164;unidades
2025-Q2;2025;Q2;propiedad;autos_mes2;138;unidades
2025-Q3;2025;Q3;propiedad;autos_mes2;173;unidades
2025-Q4;2025;Q4;propiedad;autos_mes2;169;unidades
2026-Q1;2026;Q1;propiedad;autos_mes2;205;unidades
2024-Q3;2024;Q3;propiedad;autos_mes3;103;unidades
2024-Q4;2024;Q4;propiedad;autos_mes3;195;unidades
2025-Q1;2025;Q1;propiedad;autos_mes3;175;unidades
2025-Q2;2025;Q2;propiedad;autos_mes3;181;unidades
2025-Q3;2025;Q3;propiedad;autos_mes3;180;unidades
2025-Q4;2025;Q4;propiedad;autos_mes3;185;unidades
2026-Q1;2026;Q1;propiedad;autos_mes3;214;unidades
2024-Q3;2024;Q3;propiedad;autos_con_arma_fuego;35;hechos
2024-Q4;2024;Q4;propiedad;autos_con_arma_fuego;93;hechos
2025-Q1;2025;Q1;propiedad;autos_con_arma_fuego;89;hechos
2025-Q2;2025;Q2;propiedad;autos_con_arma_fuego;99;hechos
2025-Q3;2025;Q3;propiedad;autos_con_arma_fuego;153;hechos
2025-Q4;2025;Q4;propiedad;autos_con_arma_fuego;n/d;hechos
2026-Q1;2026;Q1;propiedad;autos_con_arma_fuego;161;hechos
2024-Q3;2024;Q3;propiedad;autos_con_otra_arma;17;hechos
2024-Q4;2024;Q4;propiedad;autos_con_otra_arma;9;hechos
2025-Q1;2025;Q1;propiedad;autos_con_otra_arma;15;hechos
2025-Q2;2025;Q2;propiedad;autos_con_otra_arma;9;hechos
2025-Q3;2025;Q3;propiedad;autos_con_otra_arma;22;hechos
2025-Q4;2025;Q4;propiedad;autos_con_otra_arma;n/d;hechos
2026-Q1;2026;Q1;propiedad;autos_con_otra_arma;15;hechos
2024-Q3;2024;Q3;propiedad;motos_sustraidas;700;unidades
2024-Q4;2024;Q4;propiedad;motos_sustraidas;847;unidades
2025-Q1;2025;Q1;propiedad;motos_sustraidas;745;unidades
2025-Q2;2025;Q2;propiedad;motos_sustraidas;693;unidades
2025-Q3;2025;Q3;propiedad;motos_sustraidas;653;unidades
2025-Q4;2025;Q4;propiedad;motos_sustraidas;704;unidades
2026-Q1;2026;Q1;propiedad;motos_sustraidas;704;unidades
2024-Q3;2024;Q3;propiedad;motos_mes1;n/d;unidades
2024-Q4;2024;Q4;propiedad;motos_mes1;299;unidades
2025-Q1;2025;Q1;propiedad;motos_mes1;220;unidades
2025-Q2;2025;Q2;propiedad;motos_mes1;248;unidades
2025-Q3;2025;Q3;propiedad;motos_mes1;205;unidades
2025-Q4;2025;Q4;propiedad;motos_mes1;234;unidades
2026-Q1;2026;Q1;propiedad;motos_mes1;277;unidades
2024-Q3;2024;Q3;propiedad;motos_mes2;n/d;unidades
2024-Q4;2024;Q4;propiedad;motos_mes2;266;unidades
2025-Q1;2025;Q1;propiedad;motos_mes2;258;unidades
2025-Q2;2025;Q2;propiedad;motos_mes2;260;unidades
2025-Q3;2025;Q3;propiedad;motos_mes2;248;unidades
2025-Q4;2025;Q4;propiedad;motos_mes2;211;unidades
2026-Q1;2026;Q1;propiedad;motos_mes2;201;unidades
2024-Q3;2024;Q3;propiedad;motos_mes3;n/d;unidades
2024-Q4;2024;Q4;propiedad;motos_mes3;282;unidades
2025-Q1;2025;Q1;propiedad;motos_mes3;267;unidades
2025-Q2;2025;Q2;propiedad;motos_mes3;185;unidades
2025-Q3;2025;Q3;propiedad;motos_mes3;200;unidades
2025-Q4;2025;Q4;propiedad;motos_mes3;259;unidades
2026-Q1;2026;Q1;propiedad;motos_mes3;226;unidades
2024-Q3;2024;Q3;propiedad;motos_con_arma_fuego;n/d;hechos
2024-Q4;2024;Q4;propiedad;motos_con_arma_fuego;n/d;hechos
2025-Q1;2025;Q1;propiedad;motos_con_arma_fuego;163;hechos
2025-Q2;2025;Q2;propiedad;motos_con_arma_fuego;153;hechos
2025-Q3;2025;Q3;propiedad;motos_con_arma_fuego;186;hechos
2025-Q4;2025;Q4;propiedad;motos_con_arma_fuego;n/d;hechos
2026-Q1;2026;Q1;propiedad;motos_con_arma_fuego;n/d;hechos
2024-Q3;2024;Q3;propiedad;motos_con_otra_arma;n/d;hechos
2024-Q4;2024;Q4;propiedad;motos_con_otra_arma;n/d;hechos
2025-Q1;2025;Q1;propiedad;motos_con_otra_arma;10;hechos
2025-Q2;2025;Q2;propiedad;motos_con_otra_arma;15;hechos
2025-Q3;2025;Q3;propiedad;motos_con_otra_arma;23;hechos
2025-Q4;2025;Q4;propiedad;motos_con_otra_arma;n/d;hechos
2026-Q1;2026;Q1;propiedad;motos_con_otra_arma;n/d;hechos
2024-Q3;2024;Q3;propiedad;robos_hurtos_otros_bienes;1276;hechos
2024-Q4;2024;Q4;propiedad;robos_hurtos_otros_bienes;1348;hechos
2025-Q1;2025;Q1;propiedad;robos_hurtos_otros_bienes;1591;hechos
2025-Q2;2025;Q2;propiedad;robos_hurtos_otros_bienes;1454;hechos
2025-Q3;2025;Q3;propiedad;robos_hurtos_otros_bienes;1483;hechos
2025-Q4;2025;Q4;propiedad;robos_hurtos_otros_bienes;1752;hechos
2026-Q1;2026;Q1;propiedad;robos_hurtos_otros_bienes;1836;hechos
2024-Q3;2024;Q3;propiedad;otros_bienes_mes1;400;hechos
2024-Q4;2024;Q4;propiedad;otros_bienes_mes1;472;hechos
2025-Q1;2025;Q1;propiedad;otros_bienes_mes1;633;hechos
2025-Q2;2025;Q2;propiedad;otros_bienes_mes1;500;hechos
2025-Q3;2025;Q3;propiedad;otros_bienes_mes1;490;hechos
2025-Q4;2025;Q4;propiedad;otros_bienes_mes1;609;hechos
2026-Q1;2026;Q1;propiedad;otros_bienes_mes1;679;hechos
2024-Q3;2024;Q3;propiedad;otros_bienes_mes2;432;hechos
2024-Q4;2024;Q4;propiedad;otros_bienes_mes2;442;hechos
2025-Q1;2025;Q1;propiedad;otros_bienes_mes2;496;hechos
2025-Q2;2025;Q2;propiedad;otros_bienes_mes2;495;hechos
2025-Q3;2025;Q3;propiedad;otros_bienes_mes2;519;hechos
2025-Q4;2025;Q4;propiedad;otros_bienes_mes2;537;hechos
2026-Q1;2026;Q1;propiedad;otros_bienes_mes2;629;hechos
2024-Q3;2024;Q3;propiedad;otros_bienes_mes3;444;hechos
2024-Q4;2024;Q4;propiedad;otros_bienes_mes3;434;hechos
2025-Q1;2025;Q1;propiedad;otros_bienes_mes3;462;hechos
2025-Q2;2025;Q2;propiedad;otros_bienes_mes3;459;hechos
2025-Q3;2025;Q3;propiedad;otros_bienes_mes3;474;hechos
2025-Q4;2025;Q4;propiedad;otros_bienes_mes3;607;hechos
2026-Q1;2026;Q1;propiedad;otros_bienes_mes3;528;hechos
2024-Q3;2024;Q3;propiedad;comercios_total;210;hechos
2024-Q4;2024;Q4;propiedad;comercios_total;212;hechos
2025-Q1;2025;Q1;propiedad;comercios_total;163;hechos
2025-Q2;2025;Q2;propiedad;comercios_total;229;hechos
2025-Q3;2025;Q3;propiedad;comercios_total;252;hechos
2025-Q4;2025;Q4;propiedad;comercios_total;189;hechos
2026-Q1;2026;Q1;propiedad;comercios_total;182;hechos
2024-Q3;2024;Q3;propiedad;comercios_con_arma_fuego;22;hechos
2024-Q4;2024;Q4;propiedad;comercios_con_arma_fuego;27;hechos
2025-Q1;2025;Q1;propiedad;comercios_con_arma_fuego;n/d;hechos
2025-Q2;2025;Q2;propiedad;comercios_con_arma_fuego;36;hechos
2025-Q3;2025;Q3;propiedad;comercios_con_arma_fuego;43;hechos
2025-Q4;2025;Q4;propiedad;comercios_con_arma_fuego;38;hechos
2026-Q1;2026;Q1;propiedad;comercios_con_arma_fuego;32;hechos
2024-Q3;2024;Q3;propiedad;comercios_con_otra_arma;8;hechos
2024-Q4;2024;Q4;propiedad;comercios_con_otra_arma;5;hechos
2025-Q1;2025;Q1;propiedad;comercios_con_otra_arma;n/d;hechos
2025-Q2;2025;Q2;propiedad;comercios_con_otra_arma;10;hechos
2025-Q3;2025;Q3;propiedad;comercios_con_otra_arma;1;hechos
2025-Q4;2025;Q4;propiedad;comercios_con_otra_arma;6;hechos
2026-Q1;2026;Q1;propiedad;comercios_con_otra_arma;4;hechos
2024-Q3;2024;Q3;propiedad;viviendas_total;289;hechos
2024-Q4;2024;Q4;propiedad;viviendas_total;275;hechos
2025-Q1;2025;Q1;propiedad;viviendas_total;331;hechos
2025-Q2;2025;Q2;propiedad;viviendas_total;343;hechos
2025-Q3;2025;Q3;propiedad;viviendas_total;339;hechos
2025-Q4;2025;Q4;propiedad;viviendas_total;407;hechos
2026-Q1;2026;Q1;propiedad;viviendas_total;397;hechos
2024-Q3;2024;Q3;propiedad;viviendas_pct_sin_moradores;74;porcentaje
2024-Q4;2024;Q4;propiedad;viviendas_pct_sin_moradores;n/d;porcentaje
2025-Q1;2025;Q1;propiedad;viviendas_pct_sin_moradores;80;porcentaje
2025-Q2;2025;Q2;propiedad;viviendas_pct_sin_moradores;71;porcentaje
2025-Q3;2025;Q3;propiedad;viviendas_pct_sin_moradores;71;porcentaje
2025-Q4;2025;Q4;propiedad;viviendas_pct_sin_moradores;67;porcentaje
2026-Q1;2026;Q1;propiedad;viviendas_pct_sin_moradores;72;porcentaje
2024-Q3;2024;Q3;propiedad;viviendas_con_moradores_hechos;n/d;hechos
2024-Q4;2024;Q4;propiedad;viviendas_con_moradores_hechos;n/d;hechos
2025-Q1;2025;Q1;propiedad;viviendas_con_moradores_hechos;65;hechos
2025-Q2;2025;Q2;propiedad;viviendas_con_moradores_hechos;99;hechos
2025-Q3;2025;Q3;propiedad;viviendas_con_moradores_hechos;100;hechos
2025-Q4;2025;Q4;propiedad;viviendas_con_moradores_hechos;133;hechos
2026-Q1;2026;Q1;propiedad;viviendas_con_moradores_hechos;107;hechos
2024-Q3;2024;Q3;propiedad;viviendas_con_arma_fuego;4;hechos
2024-Q4;2024;Q4;propiedad;viviendas_con_arma_fuego;2;hechos
2025-Q1;2025;Q1;propiedad;viviendas_con_arma_fuego;n/d;hechos
2025-Q2;2025;Q2;propiedad;viviendas_con_arma_fuego;17;hechos
2025-Q3;2025;Q3;propiedad;viviendas_con_arma_fuego;17;hechos
2025-Q4;2025;Q4;propiedad;viviendas_con_arma_fuego;n/d;hechos
2026-Q1;2026;Q1;propiedad;viviendas_con_arma_fuego;14;hechos
2024-Q3;2024;Q3;propiedad;viviendas_con_otra_arma;3;hechos
2024-Q4;2024;Q4;propiedad;viviendas_con_otra_arma;3;hechos
2025-Q1;2025;Q1;propiedad;viviendas_con_otra_arma;n/d;hechos
2025-Q2;2025;Q2;propiedad;viviendas_con_otra_arma;6;hechos
2025-Q3;2025;Q3;propiedad;viviendas_con_otra_arma;2;hechos
2025-Q4;2025;Q4;propiedad;viviendas_con_otra_arma;n/d;hechos
2026-Q1;2026;Q1;propiedad;viviendas_con_otra_arma;12;hechos
2024-Q3;2024;Q3;propiedad;via_publica_hechos;777;hechos
2024-Q4;2024;Q4;propiedad;via_publica_hechos;861;hechos
2025-Q1;2025;Q1;propiedad;via_publica_hechos;1097;hechos
2025-Q2;2025;Q2;propiedad;via_publica_hechos;n/d;hechos
2025-Q3;2025;Q3;propiedad;via_publica_hechos;n/d;hechos
2025-Q4;2025;Q4;propiedad;via_publica_hechos;1156;hechos
2026-Q1;2026;Q1;propiedad;via_publica_hechos;1257;hechos
2024-Q3;2024;Q3;propiedad;interior_vehiculo_hechos;n/d;hechos
2024-Q4;2024;Q4;propiedad;interior_vehiculo_hechos;133;hechos
2025-Q1;2025;Q1;propiedad;interior_vehiculo_hechos;181;hechos
2025-Q2;2025;Q2;propiedad;interior_vehiculo_hechos;119;hechos
2025-Q3;2025;Q3;propiedad;interior_vehiculo_hechos;178;hechos
2025-Q4;2025;Q4;propiedad;interior_vehiculo_hechos;272;hechos
2026-Q1;2026;Q1;propiedad;interior_vehiculo_hechos;260;hechos
2024-Q3;2024;Q3;propiedad;via_publica_con_arma_fuego;42;hechos
2024-Q4;2024;Q4;propiedad;via_publica_con_arma_fuego;77;hechos
2025-Q1;2025;Q1;propiedad;via_publica_con_arma_fuego;110;hechos
2025-Q2;2025;Q2;propiedad;via_publica_con_arma_fuego;n/d;hechos
2025-Q3;2025;Q3;propiedad;via_publica_con_arma_fuego;n/d;hechos
2025-Q4;2025;Q4;propiedad;via_publica_con_arma_fuego;129;hechos
2026-Q1;2026;Q1;propiedad;via_publica_con_arma_fuego;89;hechos
2024-Q3;2024;Q3;propiedad;via_publica_con_otra_arma;14;hechos
2024-Q4;2024;Q4;propiedad;via_publica_con_otra_arma;31;hechos
2025-Q1;2025;Q1;propiedad;via_publica_con_otra_arma;30;hechos
2025-Q2;2025;Q2;propiedad;via_publica_con_otra_arma;n/d;hechos
2025-Q3;2025;Q3;propiedad;via_publica_con_otra_arma;n/d;hechos
2025-Q4;2025;Q4;propiedad;via_publica_con_otra_arma;n/d;hechos
2026-Q1;2026;Q1;propiedad;via_publica_con_otra_arma;14;hechos
2024-Q3;2024;Q3;personas;delitos_contra_personas_total;2937;hechos
2024-Q4;2024;Q4;personas;delitos_contra_personas_total;3168;hechos
2025-Q1;2025;Q1;personas;delitos_contra_personas_total;3813;hechos
2025-Q2;2025;Q2;personas;delitos_contra_personas_total;2993;hechos
2025-Q3;2025;Q3;personas;delitos_contra_personas_total;2918;hechos
2025-Q4;2025;Q4;personas;delitos_contra_personas_total;3471;hechos
2026-Q1;2026;Q1;personas;delitos_contra_personas_total;3497;hechos
2024-Q3;2024;Q3;personas;violencia_familiar_denuncias;1410;denuncias
2024-Q4;2024;Q4;personas;violencia_familiar_denuncias;1520;denuncias
2025-Q1;2025;Q1;personas;violencia_familiar_denuncias;1847;denuncias
2025-Q2;2025;Q2;personas;violencia_familiar_denuncias;1373;denuncias
2025-Q3;2025;Q3;personas;violencia_familiar_denuncias;1369;denuncias
2025-Q4;2025;Q4;personas;violencia_familiar_denuncias;1542;denuncias
2026-Q1;2026;Q1;personas;violencia_familiar_denuncias;1481;denuncias
2024-Q3;2024;Q3;personas;vf_pct_victimas_mujeres;79;porcentaje
2024-Q4;2024;Q4;personas;vf_pct_victimas_mujeres;76;porcentaje
2025-Q1;2025;Q1;personas;vf_pct_victimas_mujeres;75;porcentaje
2025-Q2;2025;Q2;personas;vf_pct_victimas_mujeres;n/d;porcentaje
2025-Q3;2025;Q3;personas;vf_pct_victimas_mujeres;n/d;porcentaje
2025-Q4;2025;Q4;personas;vf_pct_victimas_mujeres;75;porcentaje
2026-Q1;2026;Q1;personas;vf_pct_victimas_mujeres;73;porcentaje
2024-Q3;2024;Q3;personas;lesiones_denuncias;564;denuncias
2024-Q4;2024;Q4;personas;lesiones_denuncias;649;denuncias
2025-Q1;2025;Q1;personas;lesiones_denuncias;689;denuncias
2025-Q2;2025;Q2;personas;lesiones_denuncias;560;denuncias
2025-Q3;2025;Q3;personas;lesiones_denuncias;n/d;denuncias
2025-Q4;2025;Q4;personas;lesiones_denuncias;n/d;denuncias
2026-Q1;2026;Q1;personas;lesiones_denuncias;655;denuncias
2024-Q3;2024;Q3;personas;amenazas_denuncias;402;denuncias
2024-Q4;2024;Q4;personas;amenazas_denuncias;491;denuncias
2025-Q1;2025;Q1;personas;amenazas_denuncias;647;denuncias
2025-Q2;2025;Q2;personas;amenazas_denuncias;490;denuncias
2025-Q3;2025;Q3;personas;amenazas_denuncias;n/d;denuncias
2025-Q4;2025;Q4;personas;amenazas_denuncias;n/d;denuncias
2026-Q1;2026;Q1;personas;amenazas_denuncias;580;denuncias
2024-Q3;2024;Q3;personas;homicidios_dolosos_hechos;8;hechos
2024-Q4;2024;Q4;personas;homicidios_dolosos_hechos;12;hechos
2025-Q1;2025;Q1;personas;homicidios_dolosos_hechos;12;hechos
2025-Q2;2025;Q2;personas;homicidios_dolosos_hechos;5;hechos
2025-Q3;2025;Q3;personas;homicidios_dolosos_hechos;7;hechos
2025-Q4;2025;Q4;personas;homicidios_dolosos_hechos;8;hechos
2026-Q1;2026;Q1;personas;homicidios_dolosos_hechos;16;hechos
2024-Q3;2024;Q3;personas;homicidios_dolosos_victimas;8;victimas
2024-Q4;2024;Q4;personas;homicidios_dolosos_victimas;13;victimas
2025-Q1;2025;Q1;personas;homicidios_dolosos_victimas;12;victimas
2025-Q2;2025;Q2;personas;homicidios_dolosos_victimas;5;victimas
2025-Q3;2025;Q3;personas;homicidios_dolosos_victimas;7;victimas
2025-Q4;2025;Q4;personas;homicidios_dolosos_victimas;10;victimas
2026-Q1;2026;Q1;personas;homicidios_dolosos_victimas;16;victimas
2024-Q3;2024;Q3;personas;heridos_por_armas_total;n/d;victimas
2024-Q4;2024;Q4;personas;heridos_por_armas_total;n/d;victimas
2025-Q1;2025;Q1;personas;heridos_por_armas_total;98;victimas
2025-Q2;2025;Q2;personas;heridos_por_armas_total;145;victimas
2025-Q3;2025;Q3;personas;heridos_por_armas_total;113;victimas
2025-Q4;2025;Q4;personas;heridos_por_armas_total;171;victimas
2026-Q1;2026;Q1;personas;heridos_por_armas_total;172;victimas
2024-Q3;2024;Q3;personas;heridos_arma_fuego;n/d;victimas
2024-Q4;2024;Q4;personas;heridos_arma_fuego;n/d;victimas
2025-Q1;2025;Q1;personas;heridos_arma_fuego;52;victimas
2025-Q2;2025;Q2;personas;heridos_arma_fuego;90;victimas
2025-Q3;2025;Q3;personas;heridos_arma_fuego;70;victimas
2025-Q4;2025;Q4;personas;heridos_arma_fuego;90;victimas
2026-Q1;2026;Q1;personas;heridos_arma_fuego;78;victimas
2024-Q3;2024;Q3;personas;heridos_arma_blanca;n/d;victimas
2024-Q4;2024;Q4;personas;heridos_arma_blanca;n/d;victimas
2025-Q1;2025;Q1;personas;heridos_arma_blanca;46;victimas
2025-Q2;2025;Q2;personas;heridos_arma_blanca;55;victimas
2025-Q3;2025;Q3;personas;heridos_arma_blanca;43;victimas
2025-Q4;2025;Q4;personas;heridos_arma_blanca;81;victimas
2026-Q1;2026;Q1;personas;heridos_arma_blanca;94;victimas
2024-Q3;2024;Q3;personas;heridos_pct_varones;n/d;porcentaje
2024-Q4;2024;Q4;personas;heridos_pct_varones;n/d;porcentaje
2025-Q1;2025;Q1;personas;heridos_pct_varones;95;porcentaje
2025-Q2;2025;Q2;personas;heridos_pct_varones;90;porcentaje
2025-Q3;2025;Q3;personas;heridos_pct_varones;n/d;porcentaje
2025-Q4;2025;Q4;personas;heridos_pct_varones;90;porcentaje
2026-Q1;2026;Q1;personas;heridos_pct_varones;81;porcentaje
2024-Q3;2024;Q3;propiedad;comercios_sin_personas_interior;n/d;hechos
2024-Q4;2024;Q4;propiedad;comercios_sin_personas_interior;n/d;hechos
2025-Q1;2025;Q1;propiedad;comercios_sin_personas_interior;n/d;hechos
2025-Q2;2025;Q2;propiedad;comercios_sin_personas_interior;n/d;hechos
2025-Q3;2025;Q3;propiedad;comercios_sin_personas_interior;n/d;hechos
2025-Q4;2025;Q4;propiedad;comercios_sin_personas_interior;n/d;hechos
2026-Q1;2026;Q1;propiedad;comercios_sin_personas_interior;120;hechos
2024-Q3;2024;Q3;propiedad;comercios_con_personas_interior;n/d;hechos
2024-Q4;2024;Q4;propiedad;comercios_con_personas_interior;n/d;hechos
2025-Q1;2025;Q1;propiedad;comercios_con_personas_interior;n/d;hechos
2025-Q2;2025;Q2;propiedad;comercios_con_personas_interior;n/d;hechos
2025-Q3;2025;Q3;propiedad;comercios_con_personas_interior;n/d;hechos
2025-Q4;2025;Q4;propiedad;comercios_con_personas_interior;n/d;hechos
2026-Q1;2026;Q1;propiedad;comercios_con_personas_interior;62;hechos
2024-Q3;2024;Q3;propiedad;comercios_modalidad_mechera;n/d;hechos
2024-Q4;2024;Q4;propiedad;comercios_modalidad_mechera;n/d;hechos
2025-Q1;2025;Q1;propiedad;comercios_modalidad_mechera;n/d;hechos
2025-Q2;2025;Q2;propiedad;comercios_modalidad_mechera;n/d;hechos
2025-Q3;2025;Q3;propiedad;comercios_modalidad_mechera;n/d;hechos
2025-Q4;2025;Q4;propiedad;comercios_modalidad_mechera;n/d;hechos
2026-Q1;2026;Q1;propiedad;comercios_modalidad_mechera;49;hechos
2024-Q3;2024;Q3;propiedad;viviendas_franja_00a08;n/d;hechos
2024-Q4;2024;Q4;propiedad;viviendas_franja_00a08;n/d;hechos
2025-Q1;2025;Q1;propiedad;viviendas_franja_00a08;n/d;hechos
2025-Q2;2025;Q2;propiedad;viviendas_franja_00a08;n/d;hechos
2025-Q3;2025;Q3;propiedad;viviendas_franja_00a08;n/d;hechos
2025-Q4;2025;Q4;propiedad;viviendas_franja_00a08;n/d;hechos
2026-Q1;2026;Q1;propiedad;viviendas_franja_00a08;99;hechos
2024-Q3;2024;Q3;propiedad;viviendas_franja_08a16;n/d;hechos
2024-Q4;2024;Q4;propiedad;viviendas_franja_08a16;n/d;hechos
2025-Q1;2025;Q1;propiedad;viviendas_franja_08a16;n/d;hechos
2025-Q2;2025;Q2;propiedad;viviendas_franja_08a16;n/d;hechos
2025-Q3;2025;Q3;propiedad;viviendas_franja_08a16;n/d;hechos
2025-Q4;2025;Q4;propiedad;viviendas_franja_08a16;n/d;hechos
2026-Q1;2026;Q1;propiedad;viviendas_franja_08a16;134;hechos
2024-Q3;2024;Q3;propiedad;viviendas_franja_16a24;n/d;hechos
2024-Q4;2024;Q4;propiedad;viviendas_franja_16a24;n/d;hechos
2025-Q1;2025;Q1;propiedad;viviendas_franja_16a24;n/d;hechos
2025-Q2;2025;Q2;propiedad;viviendas_franja_16a24;n/d;hechos
2025-Q3;2025;Q3;propiedad;viviendas_franja_16a24;n/d;hechos
2025-Q4;2025;Q4;propiedad;viviendas_franja_16a24;n/d;hechos
2026-Q1;2026;Q1;propiedad;viviendas_franja_16a24;164;hechos
2024-Q3;2024;Q3;propiedad;autos_robo_modalidad;n/d;hechos
2024-Q4;2024;Q4;propiedad;autos_robo_modalidad;n/d;hechos
2025-Q1;2025;Q1;propiedad;autos_robo_modalidad;n/d;hechos
2025-Q2;2025;Q2;propiedad;autos_robo_modalidad;n/d;hechos
2025-Q3;2025;Q3;propiedad;autos_robo_modalidad;n/d;hechos
2025-Q4;2025;Q4;propiedad;autos_robo_modalidad;n/d;hechos
2026-Q1;2026;Q1;propiedad;autos_robo_modalidad;304;hechos
2024-Q3;2024;Q3;propiedad;autos_hurto_modalidad;n/d;hechos
2024-Q4;2024;Q4;propiedad;autos_hurto_modalidad;n/d;hechos
2025-Q1;2025;Q1;propiedad;autos_hurto_modalidad;n/d;hechos
2025-Q2;2025;Q2;propiedad;autos_hurto_modalidad;n/d;hechos
2025-Q3;2025;Q3;propiedad;autos_hurto_modalidad;n/d;hechos
2025-Q4;2025;Q4;propiedad;autos_hurto_modalidad;n/d;hechos
2026-Q1;2026;Q1;propiedad;autos_hurto_modalidad;351;hechos
2024-Q3;2024;Q3;personas;tentativa_homicidio;n/d;hechos
2024-Q4;2024;Q4;personas;tentativa_homicidio;n/d;hechos
2025-Q1;2025;Q1;personas;tentativa_homicidio;n/d;hechos
2025-Q2;2025;Q2;personas;tentativa_homicidio;n/d;hechos
2025-Q3;2025;Q3;personas;tentativa_homicidio;n/d;hechos
2025-Q4;2025;Q4;personas;tentativa_homicidio;n/d;hechos
2026-Q1;2026;Q1;personas;tentativa_homicidio;8;hechos
2024-Q3;2024;Q3;personas;homicidio_culposo;n/d;hechos
2024-Q4;2024;Q4;personas;homicidio_culposo;n/d;hechos
2025-Q1;2025;Q1;personas;homicidio_culposo;n/d;hechos
2025-Q2;2025;Q2;personas;homicidio_culposo;n/d;hechos
2025-Q3;2025;Q3;personas;homicidio_culposo;n/d;hechos
2025-Q4;2025;Q4;personas;homicidio_culposo;n/d;hechos
2026-Q1;2026;Q1;personas;homicidio_culposo;10;hechos
2024-Q3;2024;Q3;personas;lesiones_culposas_accidente;n/d;hechos
2024-Q4;2024;Q4;personas;lesiones_culposas_accidente;n/d;hechos
2025-Q1;2025;Q1;personas;lesiones_culposas_accidente;n/d;hechos
2025-Q2;2025;Q2;personas;lesiones_culposas_accidente;n/d;hechos
2025-Q3;2025;Q3;personas;lesiones_culposas_accidente;n/d;hechos
2025-Q4;2025;Q4;personas;lesiones_culposas_accidente;n/d;hechos
2026-Q1;2026;Q1;personas;lesiones_culposas_accidente;240;hechos
2024-Q3;2024;Q3;personas;abuso_sexual_denuncias;n/d;denuncias
2024-Q4;2024;Q4;personas;abuso_sexual_denuncias;n/d;denuncias
2025-Q1;2025;Q1;personas;abuso_sexual_denuncias;n/d;denuncias
2025-Q2;2025;Q2;personas;abuso_sexual_denuncias;n/d;denuncias
2025-Q3;2025;Q3;personas;abuso_sexual_denuncias;n/d;denuncias
2025-Q4;2025;Q4;personas;abuso_sexual_denuncias;n/d;denuncias
2026-Q1;2026;Q1;personas;abuso_sexual_denuncias;99;denuncias
2024-Q3;2024;Q3;personas;otros_contra_las_personas;n/d;hechos
2024-Q4;2024;Q4;personas;otros_contra_las_personas;n/d;hechos
2025-Q1;2025;Q1;personas;otros_contra_las_personas;n/d;hechos
2025-Q2;2025;Q2;personas;otros_contra_las_personas;n/d;hechos
2025-Q3;2025;Q3;personas;otros_contra_las_personas;n/d;hechos
2025-Q4;2025;Q4;personas;otros_contra_las_personas;n/d;hechos
2026-Q1;2026;Q1;personas;otros_contra_las_personas;259;hechos
2024-Q3;2024;Q3;personas;violencia_familiar_genero_total;n/d;hechos
2024-Q4;2024;Q4;personas;violencia_familiar_genero_total;n/d;hechos
2025-Q1;2025;Q1;personas;violencia_familiar_genero_total;n/d;hechos
2025-Q2;2025;Q2;personas;violencia_familiar_genero_total;n/d;hechos
2025-Q3;2025;Q3;personas;violencia_familiar_genero_total;n/d;hechos
2025-Q4;2025;Q4;personas;violencia_familiar_genero_total;n/d;hechos
2026-Q1;2026;Q1;personas;violencia_familiar_genero_total;1634;hechos
2024-Q3;2024;Q3;personas;violencia_genero_caratulados;n/d;hechos
2024-Q4;2024;Q4;personas;violencia_genero_caratulados;n/d;hechos
2025-Q1;2025;Q1;personas;violencia_genero_caratulados;n/d;hechos
2025-Q2;2025;Q2;personas;violencia_genero_caratulados;n/d;hechos
2025-Q3;2025;Q3;personas;violencia_genero_caratulados;n/d;hechos
2025-Q4;2025;Q4;personas;violencia_genero_caratulados;n/d;hechos
2026-Q1;2026;Q1;personas;violencia_genero_caratulados;153;hechos
2024-Q3;2024;Q3;personas;lesiones_leves;n/d;hechos
2024-Q4;2024;Q4;personas;lesiones_leves;n/d;hechos
2025-Q1;2025;Q1;personas;lesiones_leves;n/d;hechos
2025-Q2;2025;Q2;personas;lesiones_leves;n/d;hechos
2025-Q3;2025;Q3;personas;lesiones_leves;n/d;hechos
2025-Q4;2025;Q4;personas;lesiones_leves;n/d;hechos
2026-Q1;2026;Q1;personas;lesiones_leves;632;hechos
2024-Q3;2024;Q3;personas;lesiones_graves;n/d;hechos
2024-Q4;2024;Q4;personas;lesiones_graves;n/d;hechos
2025-Q1;2025;Q1;personas;lesiones_graves;n/d;hechos
2025-Q2;2025;Q2;personas;lesiones_graves;n/d;hechos
2025-Q3;2025;Q3;personas;lesiones_graves;n/d;hechos
2025-Q4;2025;Q4;personas;lesiones_graves;n/d;hechos
2026-Q1;2026;Q1;personas;lesiones_graves;23;hechos
2024-Q3;2024;Q3;personas;lesiones_pct_victimas_mujeres;n/d;porcentaje
2024-Q4;2024;Q4;personas;lesiones_pct_victimas_mujeres;n/d;porcentaje
2025-Q1;2025;Q1;personas;lesiones_pct_victimas_mujeres;n/d;porcentaje
2025-Q2;2025;Q2;personas;lesiones_pct_victimas_mujeres;n/d;porcentaje
2025-Q3;2025;Q3;personas;lesiones_pct_victimas_mujeres;n/d;porcentaje
2025-Q4;2025;Q4;personas;lesiones_pct_victimas_mujeres;n/d;porcentaje
2026-Q1;2026;Q1;personas;lesiones_pct_victimas_mujeres;60;porcentaje
2024-Q3;2024;Q3;propiedad;rh_victimas_masculino;n/d;victimas
2024-Q4;2024;Q4;propiedad;rh_victimas_masculino;n/d;victimas
2025-Q1;2025;Q1;propiedad;rh_victimas_masculino;n/d;victimas
2025-Q2;2025;Q2;propiedad;rh_victimas_masculino;n/d;victimas
2025-Q3;2025;Q3;propiedad;rh_victimas_masculino;n/d;victimas
2025-Q4;2025;Q4;propiedad;rh_victimas_masculino;n/d;victimas
2026-Q1;2026;Q1;propiedad;rh_victimas_masculino;1040;victimas
2024-Q3;2024;Q3;propiedad;rh_victimas_femenino;n/d;victimas
2024-Q4;2024;Q4;propiedad;rh_victimas_femenino;n/d;victimas
2025-Q1;2025;Q1;propiedad;rh_victimas_femenino;n/d;victimas
2025-Q2;2025;Q2;propiedad;rh_victimas_femenino;n/d;victimas
2025-Q3;2025;Q3;propiedad;rh_victimas_femenino;n/d;victimas
2025-Q4;2025;Q4;propiedad;rh_victimas_femenino;n/d;victimas
2026-Q1;2026;Q1;propiedad;rh_victimas_femenino;739;victimas
2024-Q3;2024;Q3;propiedad;rh_robo_consumado;n/d;hechos
2024-Q4;2024;Q4;propiedad;rh_robo_consumado;n/d;hechos
2025-Q1;2025;Q1;propiedad;rh_robo_consumado;n/d;hechos
2025-Q2;2025;Q2;propiedad;rh_robo_consumado;n/d;hechos
2025-Q3;2025;Q3;propiedad;rh_robo_consumado;n/d;hechos
2025-Q4;2025;Q4;propiedad;rh_robo_consumado;n/d;hechos
2026-Q1;2026;Q1;propiedad;rh_robo_consumado;944;hechos
2024-Q3;2024;Q3;propiedad;rh_robo_tentativa;n/d;hechos
2024-Q4;2024;Q4;propiedad;rh_robo_tentativa;n/d;hechos
2025-Q1;2025;Q1;propiedad;rh_robo_tentativa;n/d;hechos
2025-Q2;2025;Q2;propiedad;rh_robo_tentativa;n/d;hechos
2025-Q3;2025;Q3;propiedad;rh_robo_tentativa;n/d;hechos
2025-Q4;2025;Q4;propiedad;rh_robo_tentativa;n/d;hechos
2026-Q1;2026;Q1;propiedad;rh_robo_tentativa;120;hechos
2024-Q3;2024;Q3;propiedad;rh_hurto_consumado;n/d;hechos
2024-Q4;2024;Q4;propiedad;rh_hurto_consumado;n/d;hechos
2025-Q1;2025;Q1;propiedad;rh_hurto_consumado;n/d;hechos
2025-Q2;2025;Q2;propiedad;rh_hurto_consumado;n/d;hechos
2025-Q3;2025;Q3;propiedad;rh_hurto_consumado;n/d;hechos
2025-Q4;2025;Q4;propiedad;rh_hurto_consumado;n/d;hechos
2026-Q1;2026;Q1;propiedad;rh_hurto_consumado;692;hechos
2024-Q3;2024;Q3;propiedad;rh_hurto_tentativa;n/d;hechos
2024-Q4;2024;Q4;propiedad;rh_hurto_tentativa;n/d;hechos
2025-Q1;2025;Q1;propiedad;rh_hurto_tentativa;n/d;hechos
2025-Q2;2025;Q2;propiedad;rh_hurto_tentativa;n/d;hechos
2025-Q3;2025;Q3;propiedad;rh_hurto_tentativa;n/d;hechos
2025-Q4;2025;Q4;propiedad;rh_hurto_tentativa;n/d;hechos
2026-Q1;2026;Q1;propiedad;rh_hurto_tentativa;80;hechos
2024-Q3;2024;Q3;propiedad;lugar_sin_determinar;n/d;hechos
2024-Q4;2024;Q4;propiedad;lugar_sin_determinar;n/d;hechos
2025-Q1;2025;Q1;propiedad;lugar_sin_determinar;n/d;hechos
2025-Q2;2025;Q2;propiedad;lugar_sin_determinar;n/d;hechos
2025-Q3;2025;Q3;propiedad;lugar_sin_determinar;n/d;hechos
2025-Q4;2025;Q4;propiedad;lugar_sin_determinar;n/d;hechos
2026-Q1;2026;Q1;propiedad;lugar_sin_determinar;979;hechos
2024-Q3;2024;Q3;propiedad;lugar_via_publica_explicito;n/d;hechos
2024-Q4;2024;Q4;propiedad;lugar_via_publica_explicito;n/d;hechos
2025-Q1;2025;Q1;propiedad;lugar_via_publica_explicito;n/d;hechos
2025-Q2;2025;Q2;propiedad;lugar_via_publica_explicito;n/d;hechos
2025-Q3;2025;Q3;propiedad;lugar_via_publica_explicito;n/d;hechos
2025-Q4;2025;Q4;propiedad;lugar_via_publica_explicito;n/d;hechos
2026-Q1;2026;Q1;propiedad;lugar_via_publica_explicito;273;hechos
2024-Q3;2024;Q3;propiedad;via_publica_franja_00a08;n/d;hechos
2024-Q4;2024;Q4;propiedad;via_publica_franja_00a08;n/d;hechos
2025-Q1;2025;Q1;propiedad;via_publica_franja_00a08;n/d;hechos
2025-Q2;2025;Q2;propiedad;via_publica_franja_00a08;n/d;hechos
2025-Q3;2025;Q3;propiedad;via_publica_franja_00a08;n/d;hechos
2025-Q4;2025;Q4;propiedad;via_publica_franja_00a08;n/d;hechos
2026-Q1;2026;Q1;propiedad;via_publica_franja_00a08;262;hechos
2024-Q3;2024;Q3;propiedad;via_publica_franja_08a16;n/d;hechos
2024-Q4;2024;Q4;propiedad;via_publica_franja_08a16;n/d;hechos
2025-Q1;2025;Q1;propiedad;via_publica_franja_08a16;n/d;hechos
2025-Q2;2025;Q2;propiedad;via_publica_franja_08a16;n/d;hechos
2025-Q3;2025;Q3;propiedad;via_publica_franja_08a16;n/d;hechos
2025-Q4;2025;Q4;propiedad;via_publica_franja_08a16;n/d;hechos
2026-Q1;2026;Q1;propiedad;via_publica_franja_08a16;448;hechos
2024-Q3;2024;Q3;propiedad;via_publica_franja_16a24;n/d;hechos
2024-Q4;2024;Q4;propiedad;via_publica_franja_16a24;n/d;hechos
2025-Q1;2025;Q1;propiedad;via_publica_franja_16a24;n/d;hechos
2025-Q2;2025;Q2;propiedad;via_publica_franja_16a24;n/d;hechos
2025-Q3;2025;Q3;propiedad;via_publica_franja_16a24;n/d;hechos
2025-Q4;2025;Q4;propiedad;via_publica_franja_16a24;n/d;hechos
2026-Q1;2026;Q1;propiedad;via_publica_franja_16a24;547;hechos
2024-Q3;2024;Q3;personas;homicidios_medio_arma_fuego;n/d;hechos
2024-Q4;2024;Q4;personas;homicidios_medio_arma_fuego;n/d;hechos
2025-Q1;2025;Q1;personas;homicidios_medio_arma_fuego;n/d;hechos
2025-Q2;2025;Q2;personas;homicidios_medio_arma_fuego;n/d;hechos
2025-Q3;2025;Q3;personas;homicidios_medio_arma_fuego;n/d;hechos
2025-Q4;2025;Q4;personas;homicidios_medio_arma_fuego;n/d;hechos
2026-Q1;2026;Q1;personas;homicidios_medio_arma_fuego;10;hechos
2024-Q3;2024;Q3;personas;homicidios_lugar_via_publica;n/d;hechos
2024-Q4;2024;Q4;personas;homicidios_lugar_via_publica;n/d;hechos
2025-Q1;2025;Q1;personas;homicidios_lugar_via_publica;n/d;hechos
2025-Q2;2025;Q2;personas;homicidios_lugar_via_publica;n/d;hechos
2025-Q3;2025;Q3;personas;homicidios_lugar_via_publica;n/d;hechos
2025-Q4;2025;Q4;personas;homicidios_lugar_via_publica;n/d;hechos
2026-Q1;2026;Q1;personas;homicidios_lugar_via_publica;12;hechos
2024-Q3;2024;Q3;personas;homicidios_lugar_domicilio;n/d;hechos
2024-Q4;2024;Q4;personas;homicidios_lugar_domicilio;n/d;hechos
2025-Q1;2025;Q1;personas;homicidios_lugar_domicilio;n/d;hechos
2025-Q2;2025;Q2;personas;homicidios_lugar_domicilio;n/d;hechos
2025-Q3;2025;Q3;personas;homicidios_lugar_domicilio;n/d;hechos
2025-Q4;2025;Q4;personas;homicidios_lugar_domicilio;n/d;hechos
2026-Q1;2026;Q1;personas;homicidios_lugar_domicilio;3;hechos
2024-Q3;2024;Q3;personas;homicidios_movil_en_ocasion_robo;n/d;hechos
2024-Q4;2024;Q4;personas;homicidios_movil_en_ocasion_robo;n/d;hechos
2025-Q1;2025;Q1;personas;homicidios_movil_en_ocasion_robo;n/d;hechos
2025-Q2;2025;Q2;personas;homicidios_movil_en_ocasion_robo;n/d;hechos
2025-Q3;2025;Q3;personas;homicidios_movil_en_ocasion_robo;n/d;hechos
2025-Q4;2025;Q4;personas;homicidios_movil_en_ocasion_robo;n/d;hechos
2026-Q1;2026;Q1;personas;homicidios_movil_en_ocasion_robo;1;hechos
2024-Q3;2024;Q3;personas;homicidios_sin_autor_identificado;n/d;hechos
2024-Q4;2024;Q4;personas;homicidios_sin_autor_identificado;n/d;hechos
2025-Q1;2025;Q1;personas;homicidios_sin_autor_identificado;n/d;hechos
2025-Q2;2025;Q2;personas;homicidios_sin_autor_identificado;n/d;hechos
2025-Q3;2025;Q3;personas;homicidios_sin_autor_identificado;n/d;hechos
2025-Q4;2025;Q4;personas;homicidios_sin_autor_identificado;n/d;hechos
2026-Q1;2026;Q1;personas;homicidios_sin_autor_identificado;8;hechos
