id_hecho;fecha_hecho;periodo;partido;tipo;modalidad;barrio;arma;detenidos;victima_edad;victima_sexo;resultado;estado;notas
H01;2026-07-28;2026-07;General Pueyrredon;homicidio;;Parque Camet (zona);blanca;3;40;M;consumado;confirmado;Discusión por el ruido del caño de escape de una moto. 11 puñaladas según autopsia. Detenidos: tres primos de 39, 28 y 24 años.
H02;2026-08-01;2026-08;General Pueyrredon;homicidio;motochorro;Malvinas Argentinas;fuego;2;48;M;consumado;confirmado;El dueño de una ferretería. Av. Libertad al 7700. Disparo en el pecho. Detenidos: un hombre de 23 años, con pedido de captura, y otro de 25.
H03;2026-08-01;2026-08;General Pueyrredon;homicidio;;Regional;fuego;0;68;M;consumado;confirmado;Un conductor de Uber. Villa La Palangana, Quintana y Remedios de Escalada, madrugada del sábado. Disparo en una pierna y golpes en el rostro. Le robaron su Chevrolet Corsa. Sin detenidos. Segundo homicidio en ocasión de robo en 24 horas. Hay una discrepancia de edad entre coberturas, 67 o 68 años, sin resolver (ver X31).
H06;2026-08-02;2026-08;General Pueyrredon;homicidio;falsa_oferta_laboral;Punta Mogotes;blanca;2;24;F;consumado;confirmado;"FEMICIDIO. La víctima, madre de dos hijos de 1 y 6 años. Contactada por Facebook con una falsa oferta laboral y citada en un balneario de Punta Mogotes; el cuerpo apareció en Punta Cantera. Puñalada en la cervical, hemorragia y paro cardíaco. Semienterrada en la playa. Detenidos: dos serenos del balneario, de 26 y 27 años, hallados quemando evidencia en un tacho. Se negaron a declarar. Fiscal Carlos Russo."
H04;;s/d;General Pueyrredon;homicidio;;Coronel Dorrego;fuego;s/d;;;consumado;confirmado;Homicidio de un disparo. Fecha no consignada en la nota.
H05;;s/d;General Pueyrredon;homicidio;;;s/d;0;;M;consumado;confirmado;Duenio de un bar asesinado durante un robo de 8 mil pesos. Se difunden fotos del sospechoso buscado.
E01;2026-07-14;2026-07;General Pueyrredon;robo_vivienda;entradera;Parque Luro;s/d;1;70;F;consumado;confirmado;Banda de al menos cuatro. Maniataron, amordazaron y le hicieron cortes en los dedos del pie. Robaron 600.000 pesos, un anillo de oro y un reloj. Tres prófugos.
E02;2026-07-15;2026-07;General Pueyrredon;operativo;entradera;;s/d;3;;;;confirmado;Nueve allanamientos por entraderas. Banda de Eliseo, al menos cinco entraderas. Búsqueda del líder con helicóptero.
E03;2026-07-16;2026-07;General Pueyrredon;operativo;entradera;;s/d;7;;;;confirmado;Cae la banda de El Encargado. Al menos cuatro entraderas a jubilados de 72 a 87 años.
E04;2026-07-16;2026-07;General Pueyrredon;operativo;entradera;;s/d;s/d;;;;confirmado;Amplio operativo contra bandas dedicadas al robo de autos y entraderas.
E05;2026-07-17;2026-07;General Pueyrredon;operativo;entradera;;s/d;7;;;;confirmado;Once allanamientos simultáneos. Desarmadero clandestino desbaratado. Vehículos y autopartes recuperados. UFIJ 4 y UFIJ 13.
E06;2026-07-17;2026-07;General Pueyrredon;contexto;entradera;;;;;;;confirmado;Mariano Moyano, titular de la Unidad Funcional de Instrucción de Robos Agravados a Viviendas, confirma un promedio de 35 robos por mes en modalidad entradera en Mar del Plata.
E07;2026-07-30;2026-07;General Pueyrredon;robo_vivienda;entradera;Zacagnini / zona norte;fuego;0;;;consumado;confirmado;Raid de una banda: nueve robos y entraderas en dos semanas. Un jubilado de 80 años abordado en calle Aragón, le robaron un Chevrolet Cruze.
E08;;s/d;General Pueyrredon;operativo;entradera;;s/d;2;;;;confirmado;Cayeron los lideres de una banda que robo 22 mil dolares y 15 millones de pesos en una entradera.
M01;2026-07-15;2026-07;General Pueyrredon;robo_automotor;motochorro;;fuego;1;;;consumado;confirmado;Llevaba a su hija a la escuela. Robo de camioneta en menos de un minuto. Imputado por robo triplemente agravado. Fiscal Ana Caro.
M02;2026-07-17;2026-07;General Pueyrredon;robo_via_publica;motochorro;El Progreso;replica;1;;;tentativa;confirmado;Intento de asalto a un automovilista. El arma era una réplica de revólver a CO2. El cómplice escapó en la moto.
M03;2026-07-17;2026-07;General Pueyrredon;robo_automotor;;El Grosellar;s/d;1;;;consumado;confirmado;Detenido de 30 años transportando una moto recién robada de una vivienda.
M04;2026-07-22;2026-07;General Pueyrredon;robo_automotor;motochorro;;fuego;0;;;consumado;confirmado;Motochorros armados abordaron a una familia y le robaron la camioneta.
M05;;s/d;General Pueyrredon;robo_via_publica;motochorro;;s/d;0;;M;tentativa;confirmado;Te mato al nene: intento de robo a un hombre que estaba con su hijo.
M06;;s/d;General Pueyrredon;robo_automotor;motochorro;;s/d;1;;;tentativa;confirmado;Cuatro motochorros intentaron robar una moto. Uno quedo atrapado en una estacion de servicio.
M07;;s/d;General Pueyrredon;robo_via_publica;;;fuego;0;;;consumado;confirmado;Le apuntaron a la cabeza para robarle. Dias despues la tablet aparecio publicada en Marketplace.
M08;;s/d;General Pueyrredon;contexto;motochorro;;;;;;;confirmado;Analisis: los motochorros como modalidad en expansion en centro, sur, periferia y zona norte.
C01;2026-07-18;2026-07;General Pueyrredon;robo_comercio;;Bosque Grande;fuego;1;;;consumado;confirmado;Verdulería. Se llevó unos 200.000 pesos amenazando a un empleado joven. Detenido de 32 años, Unidad Penal 44.
C02;2026-07-19;2026-07;General Pueyrredon;robo_comercio;;;s/d;0;;;tentativa;confirmado;Un empleado de kiosco impidió el robo golpeando al ladrón con una botella de vino.
C03;2026-07-19;2026-07;General Pueyrredon;robo_comercio;;;s/d;1;;;consumado;confirmado;Detenido de 26 años por robos a un comedor y un lavadero. Identificado por cámaras de seguridad.
C04;2026-07-22;2026-07;General Pueyrredon;robo_comercio;;Centro;fuego;1;;;consumado;confirmado;Asalto a mano armada a un kiosco en Luro al 3000. Al detenido de 31 años se le atribuyen otros cinco robos a comercios entre abril y julio. Barrio verificado sobre OpenStreetMap: Luro al 3000 es Centro, no La Perla.
C05;2026-07-26;2026-07;General Pueyrredon;robo_comercio;;La Perla;fuego;0;;;consumado;confirmado;Almacén en 20 de Septiembre y 3 de Febrero. Dame la plata porque te vuelo la cabeza. Amenazaron a comerciantes y a una clienta. Duró menos de un minuto.
C06;;s/d;General Pueyrredon;robo_comercio;;;s/d;0;;;tentativa;confirmado;Intento de robo de la recaudacion de una despensa. El duenio forcejeo y el ladron escapo.
O01;;s/d;General Pueyrredon;robo_via_publica;;;s/d;1;;;consumado;confirmado;Robo, privacion de la libertad y persecucion. Un detenido y dos policias heridos.
O02;;s/d;General Pueyrredon;robo_via_publica;arrebato;;fuego;1;;F;consumado;confirmado;Le robo la mochila a una joven. Al detenerlo le encontraron un revolver.
O03;;s/d;General Pueyrredon;robo_vivienda;escruche;;s/d;1;;F;consumado;confirmado;Entro a robar mientras la duenia hacia las compras. Una vecina lo delato.
O04;;s/d;General Pueyrredon;robo_vivienda;escruche;;s/d;1;;;consumado;confirmado;Robaron una moto y una bicicleta del interior de una casa.
O05;;s/d;General Pueyrredon;violencia_genero;;;otra;1;;F;consumado;confirmado;Fue a exigirle dinero a su expareja y la ataco con un hacha. Quedo detenido.
R01;2026-07-17;2026-07;General Pueyrredon;reclamo_vecinal;;;;;;;;confirmado;Mar del Plata vive con miedo y las calles parecen haber quedado en manos de la delincuencia.
R02;2026-07-24;2026-07;General Pueyrredon;reclamo_vecinal;;Los Pinares / zona norte;;;;;;confirmado;Vecinos de Parque Luro, Los Pinares, Estrada, Zacagnini y Constitución se autoconvocaron en Ricardo Palma y Concepción Arenal.
R03;2026-07-25;2026-07;General Pueyrredon;contexto;;;;;;;;confirmado;Es un pedido unánime. Datos operativos de la policía: tiempo de respuesta al 911, efectivos disponibles, patrulleros.
R04;2026-07-27;2026-07;General Pueyrredon;reclamo_vecinal;;zona norte;;;;;;confirmado;Vecinos reclaman una estrategia integral y advierten que esto no da para más. Describen el desplazamiento del foco delictivo entre barrios.
R05;2026-07-27;2026-07;General Pueyrredon;reclamo_vecinal;;;;;;;;confirmado;Convocatoria al cacerolazo ante robos, entraderas y asaltos violentos.
R06;2026-07-29;2026-07;General Pueyrredon;reclamo_vecinal;;;;;;;;confirmado;Convocan a cacerolazo para el jueves 30 a las 21, desde cada domicilio.
R07;2026-07-30;2026-07;General Pueyrredon;reclamo_vecinal;;;;;;;;confirmado;Cacerolazo en distintos puntos de la ciudad por la ola de inseguridad.
R08;2026-07-30;2026-07;General Pueyrredon;robo_automotor;;;s/d;0;;;consumado;confirmado;Durante el cacerolazo le robaron la moto a un repartidor. Los ladrones chocaron al escapar.
R09;;s/d;General Pueyrredon;reclamo_vecinal;;;;;;;;confirmado;Crecen las convocatorias vecinales: cada vez mas barrios se organizan. Villa Primera, Constitucion, Parque Luro, Zacagnini, Montemar, Caisamar, Estrada, Los Pinares, Aeroparque.
R10;;s/d;General Pueyrredon;reclamo_vecinal;;;;;;;;confirmado;Mar del Plata no puede acostumbrarse a vivir con miedo.
R11;;s/d;General Pueyrredon;contexto;;;;;;;;confirmado;Editorial: no alcanza con ordenar la ciudad, hay que hacerla segura.
R12;;s/d;General Pueyrredon;contexto;;;;;;;;confirmado;Mar del Plata, donde la inseguridad se ha vuelto parte de la vida cotidiana.
R13;2026-08-01;2026-08;General Pueyrredon;reclamo_vecinal;;;;;;;;confirmado;CAFAMAR, la camara de ferreterias, exigio un plan integral de prevencion tras el crimen del ferretero.
R14;2026-08-01;2026-08;General Pueyrredon;reclamo_vecinal;;;;;;;;confirmado;"Ferreteros exigen respuestas tras el asesinato del comerciante del barrio Libertad. El Retrato de Hoy ubica al comerciante en el barrio Libertad; el hecho está registrado en Malvinas Argentinas. Se deja el barrio vacío por ser un reclamo gremial y no un hecho localizado."
X01;2026-07-30;2026-07;General Pueyrredon;contexto;;;;;;;;confirmado;Javier Zumpano, presidente del Foro Municipal de Seguridad de General Pueyrredón, denuncia que las comisarías perdieron hasta el 75% de sus efectivos: una pasó de 120 a 30. Señala además 600 carpetas psiquiátricas sobre unos 2.500 efectivos y atribuye el 90% de la responsabilidad al poder político.
X02;2026-07-29;2026-07;General Pueyrredon;contexto;;;;;;;;confirmado;Confirman que creció un 20% la venta de armas por la inseguridad. Fuente: Maximiliano Orsini, Universal Arms. Armas cortas y escopetas para defensa del hogar.
X03;2026-01-21;2026-01;General Pueyrredon;contexto;;;;;;;;confirmado;Crecio la venta de armas: antes se compraban para practica deportiva, hoy la mayoria para defensa personal.
X04;;s/d;General Pueyrredon;contexto;;;;;;;;confirmado;Tenencia de armas: entre el miedo, la inseguridad y la desregulacion.
X05;;s/d;General Pueyrredon;contexto;;;;;;;;confirmado;Crece la venta de armas a mujeres por la inseguridad.
X06;;s/d;General Pueyrredon;contexto;;;;;;;;confirmado;La oposicion alerto por una suba de delitos y revelo que hubo un homicidio cada seis dias (datos del primer trimestre).
X07;2026-07-20;2026-07;General Pueyrredon;violencia_genero;falsa_oferta_laboral;;;0;;F;evitado;confirmado;ALERTA PREVIA. Una joven publicó en Instagram el 20/7 el intento de captación que evitó: aviso en un grupo laboral buscando chicas de 18 a 35 para depilación láser, mensajes entre las 23 y la 1, pedido insistente de fotos actuales, cita en un edificio sin nombre de negocio, y fotos de la supuesta empleadora generadas con IA. Misma modalidad que el femicidio ocurrido doce días antes.
R15;2026-08-03;2026-08;General Pueyrredon;contexto;;;;;;;;confirmado;Crónica: tres homicidios en menos de 24 horas. Dos el sábado y el femicidio del domingo (ver H02, H03, H06). Contexto de cacerolazos del jueves previo.
M09;2026-08-04;2026-08;General Pueyrredon;robo_via_publica;salidera,motochorro;La Perla;s/d;2;;M;consumado;confirmado;"SALIDERA BANCARIA. La victima salia de la sucursal del Banco Nacion de Libertad y Dorrego. Cuatro delincuentes la abordaron en Libertad entre Jujuy y Espana, 10:30. Llevaba 800.000 pesos y 9.500 dolares para pagar un viaje; apenas se recuperaron 300.000. Sufrio lesiones. Dos aprehendidos, dos profugos, una moto secuestrada. Cargado inicialmente como motochorro y reclasificado al conocerse el origen bancario. El barrio corresponde al lugar del asalto, Libertad entre Jujuy y España, que es La Perla. La sucursal de Libertad y Dorrego, de donde salió la víctima, está en Nueva Pompeya."
C07;2026-08-04;2026-08;General Pueyrredon;robo_comercio;forzamiento;Centro (microcentro);s/d;3;;;consumado;confirmado;Barberia en Hipolito Yrigoyen al 1300. Violentaron la vidriera de madrugada. Se llevaron maquinas de cortar, rasuradora, secador, gel y prendas. Tres detenidos de 22, 34 y 40 anos. Alerta al 911 por tres encapuchados atacando el frente. Local cerrado.
H07;2026-08-04;2026-08;Mar Chiquita;muerte_dudosa;;Vivorata;s/d;0;40;F;s/d;en_investigacion;La víctima, de 40 años, sin domicilio fijo. Sería trabajadora sexual de Mar del Plata. Cuerpo dentro de una bolsa negra, semienterrado en una zanja del camino rural Chara Huinca, a 3,5 km al suroeste de Vivoratá, cerca del acceso al Parque Eólico. Muerte estimada 15 días antes del hallazgo. Carátula: averiguación de causales de muerte. Fiscal Ramiro Anchou.
M10;2026-07-15;2026-07;General Alvarado;robo_automotor;motochorro;Miramar;fuego;2;18;M;tentativa;confirmado;Caravana de festejos, 20:00. Le apoyaron un revolver en el cuello y lo golpearon en el rostro con el arma. Intentaron robarle la moto. Dos detenidos tras allanamientos. Imputados por robo agravado por uso de arma de fuego en grado de tentativa, lesiones y tenencia ilegal de arma de fuego.
C08;2026-08-02;2026-08;General Pueyrredon;robo_comercio;forzamiento;Batan;s/d;1;;;consumado;confirmado;Comercio en Urquiza y Av. San Martin, alrededor de las 3:50 de la madrugada del domingo. Al ser visto por vecinos escapo y descarto 24.000 pesos, que se recuperaron. Detenido cerca de las 5 en Camino Viejo Otamendi-Miramar y Camino Independencia, en bicicleta, con 30.100 pesos y cinco maquinas de cortar cabello de origen en investigacion. Coincide el tipo de mercaderia con el robo a la barberia del microcentro (C07), pero son hechos distintos y la fiscalia no afirmo vinculo.
C09;2026-08-02;2026-08;General Alvarado;robo_comercio;forzamiento;Otamendi;s/d;0;;;tentativa;en_investigacion;"Intento de robo filmado por camara de seguridad en un comercio de calle Moreno entre San Martin y Bolivar. Intento derribar la puerta a patadas y desistio tras varios golpes fallidos. La fiscalia lo vinculo al mismo detenido de C08 por el video y las circunstancias de la aprehension; el detenido esta contado en C08 para no duplicar."
X08;2026-08-04;2026-08;General Pueyrredon;contexto;;;;;;;;confirmado;Taxistas piden poder elegir los viajes para evitar zonas peligrosas. Habla Darío López, secretario adjunto de la Federación Nacional de Conductores de Taxis. Reclaman refuerzo de la Policía Bonaerense, intervención de fuerzas federales y regulación de las apps de transporte con antecedentes, licencia profesional y registro del vehículo. DATO: la respuesta policial al botón antipánico demora entre 30 y 40 minutos. Motivado por el crimen del ferretero (ver H02).
D01;2026-08-03;2026-08;General Pueyrredon;robo_comercio;;;fuego;1;;;tentativa;confirmado;Detenido de 24 anos tras intentar robar en la estacion de servicio Shell de avenida Luro y Brasil. Estaba armado.
D02;2026-08-03;2026-08;General Pueyrredon;otro;;;s/d;1;;;consumado;confirmado;Detenido de 53 anos tras una breve persecucion por robar chapas. Caratulado hurto agravado por escalamiento.
D03;2026-08-04;2026-08;General Pueyrredon;otro;;Centro;s/d;1;;;consumado;confirmado;"Detenido de 31 anos desarmando la puerta de aluminio del nicho de gas de un edificio del centro. Un automovilista alerto al ver a un hombre caminando con una puerta al hombro; lo hallaron detras de un contenedor desarmando otra estructura. Fiscal de Flagrancia Ana Maria Caro."
D04;;s/d;General Pueyrredon;robo_comercio;;Fortunato de la Plaza / Don Bosco;s/d;2;;;tentativa;confirmado;Dos detenidos por intentar robar en comercios durante la madrugada.
D05;2026-07-28;2026-07;General Pueyrredon;operativo;;;fuego;0;;;;confirmado;Buscaban a los acusados de un robo de moto y hallaron una pistola con pedido de secuestro.
D06;2026-07-29;2026-07;General Pueyrredon;operativo;;;fuego;3;;;;confirmado;Investigación por robos agravados: secuestro de armas y vehículos robados, tres imputados.
D07;;s/d;General Pueyrredon;robo_via_publica;motochorro;El Progreso;fuego;2;;;tentativa;sin_confirmar;Moto robada, un arma descartada y una fuga: dos presuntos motochorros detenidos en El Progreso. POSIBLE DUPLICADO de M02, que tambien es El Progreso pero con un solo detenido y arma replica. A resolver abriendo ambas notas.
R16;2026-08-03;2026-08;General Pueyrredon;reclamo_vecinal;;;;;;;;confirmado;Convocan a una marcha tras el femicidio. Concentración al mediodía en Luro e Independencia, marcha hasta el Palacio de Tribunales.
R17;2026-08-03;2026-08;General Pueyrredon;reclamo_vecinal;;;;;;;;confirmado;Basta de inseguridad: convocan a una marcha y crecen los reclamos tras el crimen del ferretero.
R18;2026-08-03;2026-08;General Pueyrredon;reclamo_vecinal;;;;;;;;confirmado;FALLA DEL PROTOCOLO. El Movimiento de Mujeres y Diversidades de Mar del Plata-Batán repudia el accionar policial y judicial: la familia de la víctima fue a radicar la denuncia a la Comisaría 16ª y no se activó ningún protocolo de búsqueda. Los familiares reconstruyeron los últimos movimientos y encontraron el cuerpo. Piden investigación independiente, revisión del accionar de la 16ª y aplicación inmediata de protocolos.
R19;2026-08-03;2026-08;General Pueyrredon;reclamo_vecinal;;;;;;;;confirmado;Las CTA reclamaron justicia por la víctima del femicidio y advirtieron que no fue un hecho aislado.
R20;2026-08-03;2026-08;General Pueyrredon;contexto;;;;;;;;confirmado;Habló la madre de la víctima: «Organizaron esto para matarla, creemos que hubo un tercer asesino».
R21;2026-08-03;2026-08;General Pueyrredon;contexto;;;;;;;;confirmado;Familiares y amigos despidieron a la víctima.
R22;;s/d;General Pueyrredon;reclamo_vecinal;;;;;;;;confirmado;Vecinos vuelven a las calles tras tres crimenes y crece la bronca contra los gobiernos.
R23;;s/d;General Pueyrredon;reclamo_vecinal;;;;;;;;confirmado;Comerciantes centricos responsabilizan a Montenegro y a Kicillof por la crisis de inseguridad.
X09;2026-08-01;2026-08;General Pueyrredon;contexto;;;;;;;;confirmado;Nacion no giro fondos discrecionales a Mar del Plata en el primer semestre. Provincia aporto 10,7 mil millones de pesos.
R24;2026-08-05;2026-08;General Pueyrredon;reclamo_vecinal;;Centro;;;;;;confirmado;"Marcha desde Luro e Independencia, por el Palacio Municipal, hasta la Jefatura Departamental de Gascón y Entre Ríos. Cerca de las 14:30 un grupo superó las vallas e intentó derribar una de las rejas de acceso. Dos manifestantes quedaron demorados; no se computan en la columna de detenidos, que en el resto del dataset cuenta delincuentes. Se marchaba por las tres víctimas de los homicidios del 1 y 2 de agosto (ver H02, H03, H06). Voceras citadas: la madre de una de las víctimas, y una referente del barrio San Carlos, junto a la Asociación Madres del Dolor. Entre los reclamos, la renuncia del jefe departamental. Ocho medios, cuatro de ellos nacionales el mismo día. CONSECUENCIAS REGISTRADAS. Ese mismo día se publicó el relevo del jefe departamental Cristian Fontana, que después no se confirmó (X10). El 9 de agosto se anunció la llegada de 150 a 200 efectivos federales para el 1 de septiembre (X20). El 10 de agosto la Provincia anunció 170 efectivos, 50 patrulleros y 36 motos ya operativos, en una nota titulada «Tras los reclamos por seguridad» (X26). La atribución causal es del medio, no nuestra."
X10;2026-08-05;2026-08;General Pueyrredon;contexto;;;;;;;;sin_confirmar;El Ministerio de Seguridad bonaerense relevó al Comisario Mayor Cristian Daniel Fontana como jefe de la Policía Departamental de Mar del Plata, el mismo día de la marcha. Queda interinamente la Comisario Inspector Marta Analía Moya. No se publicaron motivos oficiales. Fontana había asumido en agosto de 2025, en reemplazo de Edgardo Vulcano. El 7 de agosto La Capital publicó que Fontana fue ratificado en el cargo (ver X17). La contradicción entre ambas versiones no está resuelta. El 7 de agosto, 0223 afirma que «el comisario mayor Cristian Fontana sigue al frente de la Jefatura Departamental» (X19), y La Capital publica su ratificación (X17). Dos medios contra los cinco del 5 de agosto: la remoción no se confirmó. El 9 de agosto una tercera nota vuelve a darlo por ratificado en el cargo (ver X21).
E09;2026-08-05;2026-08;General Pueyrredon;robo_vivienda;entradera;La Perla;fuego;2;74;M;consumado;confirmado;"En calle España, cerca de la medianoche. Cuatro delincuentes armados robaron alrededor de 1.200.000 pesos. Durante la fuga uno efectuó al menos un disparo contra la policía. Dos detenidos y dos prófugos. Carátula: robo agravado por uso de arma de fuego apta para disparo, en poblado y en banda. Fiscal Mariano Moyano. La Capital fecha el hecho el miércoles 6 de agosto, pero el 6 fue jueves: ocurrió la noche del miércoles 5. 0223 atribuye la causa a la fiscal Florencia Salas y La Capital al fiscal Mariano Moyano; la discrepancia no está resuelta. 0223 agrega que ingresaron por la terraza."
C10;2026-08-05;2026-08;General Pueyrredon;robo_comercio;;;fuego;1;;;consumado;confirmado;Rotisería El Gor, Padre Dutto al 1900. Robo a mano armada: se llevó la recaudación y una gaseosa. Detenido de 34 años a pocas cuadras.
D08;2026-08-06;2026-08;General Pueyrredon;operativo;inhibidor;;;1;;;;confirmado;"Gascón al 2900, madrugada del jueves; fuga hasta Bordabehere al 2900 y República del Líbano y Castelli. Detenido de 27 años. Secuestro de dos mochilas con herramientas, tres celulares, escaleras para acceder a techos y un inhibidor de señal. Se recuperó una Chevrolet Tracker con pedido de secuestro desde el 16 de junio de 2026 por robo automotor. Carátula: robo agravado por escalamiento en grado de tentativa. Comisaría Segunda, fiscal Leandro Arévalo, UFI de Flagrancia. Unidad Penal 44 de Batán."
D09;2026-08-06;2026-08;General Pueyrredon;operativo;motochorro;;;1;;;;confirmado;La DDI investigó cuatro robos y tentativas de robo de motos ocurridos entre mayo y junio en distintos puntos de la ciudad. Dos allanamientos el miércoles. Detenido de 26 años, ya alojado en la Unidad Penal 44 por otra causa. Un segundo hombre, de 25, quedó imputado y recuperó la libertad. Se secuestró un celular y un kit de conversión táctica para arma de fuego.
D10;2026-08-06;2026-08;General Pueyrredon;operativo;;;fuego;1;;;;confirmado;Detenido de 41 años por un robo agravado por uso de arma de fuego en un comercio ocurrido el 26 de julio. Tenía pedido de captura del Juzgado de Garantías N° 6. Intervinieron la Unidad Táctica de Operaciones de la Comisaría Primera y personal de la Comisaría Undécima.
X11;2026-08-06;2026-08;General Pueyrredon;contexto;;;;;;;;confirmado;El Ministerio de Seguridad bonaerense anunció un despliegue territorial propio en los barrios de Mar del Plata, sin intermediación municipal. Informó que durante 2025 transfirió 3.080 millones de pesos a General Pueyrredón para equipamiento, móviles, lectores de patente y mantenimiento del sistema de monitoreo, y que el municipio ejecutó solo el 50%: el resto volvió a las arcas provinciales. El municipio respondió el 9 de agosto (ver X21): sostiene que los 3.080 millones se giraron en tres porciones, que rindió las dos primeras y que la tercera está pendiente, y que tiene 51 lectores de patente.
O06;2026-08-06;2026-08;General Pueyrredon;robo_vivienda;;Fray Luis Beltran;blanca;1;49;M;tentativa;confirmado;"En calle Urquía, durante la noche. Un joven de 21 años ingresó a la vivienda y forcejé con el dueño, de 49, que sufrió una herida cortante superficial en el glúteo y fue asistido por el SAME. Familiares lo redujeron en el patio hasta la llegada policial; el aprehendido presentaba una lesión leve en el cuero cabelludo. Carátula: violación de domicilio y lesiones. Comisaría Decimoquinta, Unidad Penal 44 de Batán. Los dos medios fechan el hecho el jueves 7, pero el 7 fue viernes: el jueves fue 6."
E10;2026-08-06;2026-08;General Pueyrredon;robo_vivienda;entradera;Lomas de Stella Maris;;0;;;tentativa;confirmado;Rawson y Pellegrini, durante la noche. Intentó entrar detrás de un vehículo aprovechando la apertura del portón y quedó con el pie enganchado en el mecanismo de cierre automático. Dos cómplices lo liberaron y huyeron sin concretar el robo.
M11;2026-08-07;2026-08;General Pueyrredon;robo_via_publica;;zona sur;fuego;0;menor de edad;M;consumado;confirmado;Al mediodía. Dos hombres le robaron un iPhone 16 Pro a un menor de edad apuntándole con una pistola. Sin detenidos. La madre denunció robos similares reiterados en la zona y que no se pudo recuperar el equipo por geolocalización.
M12;2026-08-07;2026-08;General Pueyrredon;robo_automotor;;Parque Luro;s/d;0;;F;consumado;confirmado;Una conductora de DiDi fue asaltada por un hombre y una mujer en Valencia entre Ingenieros y Tejedor, tras un viaje iniciado en Moreno y Perú. Se llevaron un Renault Symbol gris, recuperado horas después en Rivadavia entre Perú y México. En el operativo también se secuestró un Peugeot 206 con efectos personales y celulares de la víctima.
C11;2026-07-21;2026-07;General Pueyrredon;robo_comercio;;La Perla;s/d;0;;;consumado;confirmado;Almacén de avenida Libertad y España. Se llevaron alrededor de 70.000 pesos. Es el primero de dos robos al mismo comercio en quince días. Registro incorporado el 7 de agosto, después de publicado el documento de relevamiento de julio, que por eso informa 30 hechos y 47 notas. 0223 lo ubica en el barrio Libertad, pero ese tramo de la avenida corresponde a La Perla: la salidera de Libertad y Dorrego y la entradera de España al 1100 están codificadas ahí. El barrio Libertad queda en el otro extremo de la avenida. Verificado sobre las divisiones de barrio de OpenStreetMap: Libertad y España es La Perla.
C12;2026-08-04;2026-08;General Pueyrredon;robo_comercio;;La Perla;s/d;0;;;consumado;confirmado;Segundo robo al mismo almacén de avenida Libertad y España en quince días. Se llevaron alrededor de 15.000 pesos. Los dueños blindaron el comercio con rejas. 0223 lo ubica en el barrio Libertad, pero ese tramo de la avenida corresponde a La Perla: la salidera de Libertad y Dorrego y la entradera de España al 1100 están codificadas ahí. El barrio Libertad queda en el otro extremo de la avenida. Verificado sobre las divisiones de barrio de OpenStreetMap: Libertad y España es La Perla.
D11;2026-08-05;2026-08;Loberia;operativo;;;;1;;;;confirmado;"Dos allanamientos en Lobería por una tentativa de estafa telefónica cometida en Necochea. Se secuestraron autopartes —puertas, ópticas, guardabarros— de un auto robado en Mar del Plata, además de prendas y calzado. Carátula: tentativa de estafa y presunto encubrimiento. El auto era marplatense; el desguace, no."
X12;2026-08-06;2026-08;General Pueyrredon;contexto;;;;;;;;confirmado;"Fabián Fernández Garello, Fiscal General del Departamento Judicial de Mar del Plata: «No se resuelve con un patrullero en cada esquina». Datos que aportó: la Unidad Penal 15, construida para 500 a 600 internos, aloja alrededor de 1.500; la alcaidía local, diseñada para 400, aloja unos 700; el 70% de las mujeres que denuncian violencia de género declara que las agresiones comenzaron con consumo de drogas."
X13;2026-08-05;2026-08;General Pueyrredon;contexto;falsa_oferta_laboral;;;;;;;confirmado;La empresa Cagnoli alertó públicamente sobre una falsa búsqueda laboral que usaba su nombre y pedía dinero a los postulantes para concretar la contratación o gestionar el carnet de manipulación de alimentos. «No realizamos cobros para seleccionar personal»: sus procesos de selección son gratuitos.
X14;2026-08-07;2026-08;General Pueyrredon;contexto;;;;;;;;confirmado;La Comisión de Seguridad del Concejo Deliberante aprobó la creación de una Mesa de Política Criminal y Coordinación de Políticas Locales de Seguridad, que reuniría a los tres niveles del Estado, la policía, la Justicia y entidades intermedias. La impulsa el concejal Diego García, de Unión por la Patria, que la presentó en 2024. Giró a la Comisión de Legislación. El PRO y sus aliados se abstuvieron sin bloquearla.
X15;2026-08-07;2026-08;General Pueyrredon;contexto;;;;;;;;confirmado;Marcelo Cardoso, concejal del PRO: «La seguridad pública es una responsabilidad primaria de la Provincia». Sostuvo que el municipio cumple un rol complementario y pidió dejar de lado las discrepancias políticas.
X16;2026-08-07;2026-08;General Pueyrredon;contexto;;;;;;;;confirmado;"La Sala II de la Cámara de Apelación y Garantías resolvió que sea juzgado el conductor de la moto en la que murió su acompañante tras un choque en Armenia y Belgrano. Carátula: homicidio culposo agravado por conducción imprudente. El jubilado que conducía el Volkswagen Suran fue sobreseído. El choque fue en abril de 2024; la fecha de este registro corresponde a la resolución judicial, para no alterar las series temporales."
X17;2026-08-07;2026-08;General Pueyrredon;contexto;;;;;;;;confirmado;La Capital informa que el Ministerio de Seguridad bonaerense ratificó en el cargo al Comisario Mayor Cristian Fontana como jefe departamental, y anuncia cambios en el patrullaje: 15 patrulleros 0 km ya operativos, reorganización del Comando de Patrullas en zona norte y sur, y reasignación de personal de UTOI, Grupo de Apoyo Departamental, Policía Motorizada, Caballería e Infantería al patrullaje callejero. CONTRADICE A X10 EN SENTIDO INVERSO: el 5 de agosto cinco medios publicaron que Fontana había sido relevado y que quedaba interinamente Marta Analía Moya. Esta nota no menciona ni desmiente aquella remoción. La contradicción queda abierta.
M13;2026-08-06;2026-08;General Pueyrredon;robo_automotor;;Don Bosco;s/d;0;;M;consumado;confirmado;"Un exconcejal fue asaltado en Neuquén y Belgrano por seis delincuentes que le robaron su Toyota Hilux. La camioneta apareció abandonada en jurisdicción de la comisaría decimosegunda. Carátula: robo automotor agravado en poblado y en banda. La nota fecha el hecho el jueves 7 de agosto, pero el 7 fue viernes; se carga el jueves 6."
X18;2026-08-07;2026-08;General Pueyrredon;contexto;;;;;;;;confirmado;En la fiesta de San Cayetano, en el santuario de Moreno al 6700, el obispo diocesano Ernesto Giobando pidió en su homilía «paz en los barrios, ¡basta de violencia!» y sostuvo que «no cabe la violencia, ni el destrato, ni el odio, ni la venganza». No se mencionaron hechos ni víctimas concretas. La celebración reunió a miles de fieles y coincidió con los 70 años del santuario.
X19;2026-08-07;2026-08;General Pueyrredon;contexto;;;;;;;;confirmado;"Reorganización policial: el Comando de Patrullas se divide en dos usando la avenida Juan B. Justo como límite, con 60 cuadrículas cada uno. Comando Sur a cargo del comisario Claudio Cañete, con sede en Laprida y Tucumán; Comando Norte a cargo de la comisaria Daniela Alarcón, con sede en Libertad y Tandil. Las comisarías conservan los Gabinetes Técnico Operativos y la toma de denuncias. Cifras de dotación: unos 2.100 efectivos del área Seguridad en Mar del Plata, cerca de 480 licencias tramitadas y 1.620 operativos disponibles. La nota afirma textualmente que «el comisario mayor Cristian Fontana sigue al frente de la Jefatura Departamental»."
C13;2026-08-06;2026-08;General Pueyrredon;robo_comercio;mechera;Centro;;0;;F;consumado;confirmado;Local de indumentaria en Rivadavia 2833. Al menos tres mujeres simularon compras, generaron confusión entre las empleadas y escondieron jeans, chalecos y una campera en bolsos forrados con aluminio para evitar que se activaran las alarmas. Sin detenidos. La dueña señaló que algunas de las sospechosas ya eran conocidas entre comerciantes de la zona. La nota se publicó el 7 de agosto a las 13:45 y ubica el hecho alrededor de las 18:20, de modo que corresponde al día anterior.
R25;2026-08-08;2026-08;General Pueyrredon;reclamo_vecinal;;Don Bosco / San Juan;;;;;;confirmado;Vecinos de Don Bosco y San Juan convocaron por redes y grupos de WhatsApp a un cacerolazo para el sábado a las 20, en Misiones y Belgrano. «Estamos cansados. La inseguridad que estamos sufriendo en el barrio no da para más» y «entre todos tenemos que hacernos escuchar». Lo motivaron tres robos violentos de vehículos en menos de 48 horas en la zona, entre ellos el asalto a un exconcejal por seis delincuentes en Belgrano y Neuquén (ver M13).
M14;2026-08-07;2026-08;General Pueyrredon;robo_automotor;motochorro;Villa Lourdes;fuego;0;;F;consumado;confirmado;Irala al 4000, cerca del puerto, alrededor de las 20. Dos motochorros armados con pistola le robaron el auto a una mujer que viajaba con su nieta menor y el abuelo. Por los gritos de la mujer, el delincuente abrió la puerta trasera para que la nena y el abuelo bajaran antes de huir. Sin detenidos. Según la nota fue el tercer auto robado en la zona esa misma noche. Publicada el 8 a las 15:09 sobre un hecho de las 20, por lo que corresponde al día anterior.
M15;2026-08-07;2026-08;General Pueyrredon;robo_via_publica;;Regional;fuego;0;22;M;tentativa;en_investigacion;Un hombre de 22 años recibió un disparo en Remedios de Escalada y San Lorenzo, en ocasión de un intento de robo. Sin detenidos. Uno de los cuatro hechos violentos ocurridos entre las 21:15 del viernes y las 5 del sábado, agrupados por La Capital en una sola nota.
C14;2026-08-08;2026-08;General Pueyrredon;robo_comercio;forzamiento;Los Pinares;;0;;;consumado;confirmado;Grow shop de Carballo al 900, saqueado en la madrugada del sábado. Se llevaron electrodomésticos, insumos, herramientas y dinero: alrededor de 1.500.000 pesos en total, de los cuales 520.000 eran el efectivo del alquiler. Los dueños habían abierto un mes antes y decidieron cerrar. «La verdad que nos arruinaron. Ya decidimos cerrar el local, lamentablemente». Sin detenidos.
O07;2026-08-07;2026-08;General Pueyrredon;otro;;;blanca;0;26;M;consumado;en_investigacion;Un hombre de 26 años fue apuñalado en la espalda en la zona de San Martín y San Juan. Sin detenidos. Uno de los cuatro hechos violentos ocurridos entre las 21:15 del viernes y las 5 del sábado, agrupados por La Capital en una sola nota.
O08;2026-08-07;2026-08;General Pueyrredon;otro;;Regional;fuego;0;30;M;consumado;en_investigacion;Un hombre de 30 años recibió un disparo en una pierna en Juan B. Justo y Remedios de Escalada. Sin detenidos. Uno de los cuatro hechos violentos ocurridos entre las 21:15 del viernes y las 5 del sábado, agrupados por La Capital en una sola nota.
O09;2026-08-07;2026-08;General Pueyrredon;otro;;;blanca;0;33;M;consumado;en_investigacion;Un hombre de 33 años fue herido con arma blanca en Santa Cruz al 8700, posiblemente tras un enfrentamiento previo. Sin detenidos. Uno de los cuatro hechos violentos ocurridos entre las 21:15 del viernes y las 5 del sábado, agrupados por La Capital en una sola nota.
D12;2026-08-08;2026-08;General Pueyrredon;operativo;contravencion;;;2;;;;confirmado;Dos motociclistas de 26 y 20 años detenidos en Garay y Olavarría tras maniobras imprudentes e intento de fuga, ambos con alcoholemia positiva. Se secuestraron una Bajaj Rouser y una Motomel. Carátula: infracción al artículo 78 del Decreto-Ley 8031/73. Intervinieron el Comando de Patrullas y personal de Tránsito. Es una contravención, no un delito. Se incorpora porque el CeMAED también los cuenta juntos: su indicador principal es «delitos y contravenciones» y el 911 tiene la categoría Contraventores.
D13;2026-08-08;2026-08;General Pueyrredon;operativo;contravencion;;;1;;;;confirmado;Un hombre de 32 años fue hallado retenido por seguridad privada en un local de avenida Patricio Peralta Ramos al 1000, cerca de avenida Libertad y la costa. Al ser identificado insultó e intentó agredir físicamente a los policías. Sin heridos. Intervino el Comando de Patrullas, fue trasladado a la comisaría primera y el Juzgado Correccional dispuso su libertad.
X20;2026-08-09;2026-08;General Pueyrredon;contexto;;;;;;;;confirmado;Se espera la llegada de entre 150 y 200 efectivos de fuerzas federales, con puesta operativa a partir del 1 de septiembre. Lo gestionó el intendente Agustín Neme. En paralelo el municipio informa 12 camionetas nuevas para la policía provincial y el mantenimiento de 1.383 cámaras de seguridad, con ofertas de 4.440 millones de pesos (Exanet) y 3.696 millones (Nec Argentina). El 10 de agosto se precisó el despliegue provincial: 170 efectivos, 50 patrulleros y 36 motos, ya operativos (ver X26). Los federales siguen previstos para el 1 de septiembre.
X21;2026-08-09;2026-08;General Pueyrredon;contexto;;;;;;;;confirmado;"Cruce institucional. Carlos Bianco, ministro de Gobierno bonaerense, acusa que la comuna no quiere trabajar con la Provincia. Eduardo Aparicio, subsecretario de Articulación Institucional del Ministerio de Seguridad, denuncia un abandono estructural del municipio. La diputada provincial Sofía Pomponio pide la renuncia del secretario de Seguridad municipal Rodrigo Goncálvez. Respuesta del municipio: los 3.080 millones se giraron en tres porciones, rindió las dos primeras y la tercera está pendiente; y sostiene tener 51 lectores de patente, no uno. La nota ratifica además que Cristian Fontana sigue como jefe departamental."
X22;2026-08-09;2026-08;General Pueyrredon;contexto;;;;;;;;confirmado;Marcelo Saín, especialista en seguridad pública y ex ministro de Seguridad de Santa Fe: cuando hay un fortísimo deterioro económico y social crecen los delitos predatorios, y la política decidió hace muchísimos años darle el manejo de estas cosas a la policía. Sostiene que la policía de la mano dura es la misma que hoy pierde el control, y que el responsable que está todos los días ahí es el intendente. Propone transferir la conducción de la seguridad preventiva a los municipios y reconvertir la Bonaerense en lugar de crear una fuerza nueva. Menciona salarios policiales de 800 mil pesos y jornadas de 60 horas semanales.
X23;2026-08-09;2026-08;General Pueyrredon;contexto;;;;;;;;confirmado;Vecinos de zona norte crearon el Mapa del Delito de Mar del Plata, una plataforma web donde se cargan hechos sufridos o presenciados. Los impulsores mantienen sus identidades en reserva. Buscan presentarlo ante el Defensor del Pueblo y que articule con autoridades municipales y provinciales. La nota no informa cuántos reportes tiene ni cómo se verifican: al 9 de agosto el sitio mostraba 47, con robo de vehículo como categoría más frecuente (16), y mezcla reportes de vecinos con transcripciones de notas periodísticas, siniestros viales y hechos de 2023 a 2026.
X24;2026-08-09;2026-08;General Pueyrredon;contexto;;;;;;;;confirmado;Las ventas minoristas cayeron 7% interanual en julio, el peor registro del año, según la Unión del Comercio, la Industria y la Producción de Mar del Plata (UCIP). El 52,4% de los comerciantes dice que su situación empeoró respecto de 2025 y solo el 15,9% considera buenas sus utilidades. Blas Taladrid, presidente de la UCIP: las expectativas de mejora a un año son bajas y solo uno de cada diez comerciantes piensa invertir en el próximo semestre.
X25;2026-08-09;2026-08;General Pueyrredon;contexto;;;;;;;;confirmado;El desempleo en Mar del Plata llegó al 9,3% en el primer trimestre de 2026, 3,3 puntos más que un año atrás, contra un promedio nacional de 7,8%: es la quinta ciudad con mayor desempleo del país, unas 32.000 personas. Tasa de actividad 51,8% y subocupación 10,5%. Fuente: Informe Sociolaboral del Partido de General Pueyrredón, del Grupo Estudios del Trabajo (GrET), con datos de Eugenio Actis Di Pasquale y Marcos Esteban Gallo. Cubre el mismo trimestre que el informe del CeMAED.
C15;2026-08-09;2026-08;General Pueyrredon;robo_comercio;;Centro;;0;;;consumado;confirmado;Rivadavia al 2600, comercio de alimentos. Un joven aprovechó una distracción, tomó una botella de aceite de oliva de un litro y se retiró sin pagar. Quedó filmado por las cámaras. Sin detenidos. No es el mismo hecho que el de Rivadavia 2833: distinta dirección, distinto autor.
X26;2026-08-10;2026-08;General Pueyrredon;contexto;;;;;;;;confirmado;La Provincia anunció el despliegue de 170 efectivos, 50 patrulleros y 36 motos tácticas en Mar del Plata: 33 móviles para patrullamiento descentralizado y 17 para el Comando de Patrulla. Participan la Policía Local (UPPL General Pueyrredón), las Fuerzas de Operaciones Especiales, la Dirección de Cuerpos, Seguridad Vial, la Fuerza de Buenos Aires y Seguridad Rural. Ya están operativos. El municipio suma 12 patrulleros propios para la Bonaerense y 5 camionetas para la Patrulla Municipal, por 1.364.540.000 pesos. No reemplaza el anuncio de los 150 a 200 efectivos federales, que llegan a partir del 1 de septiembre: lo complementa. La nota vuelve a dar por ratificado a Cristian Fontana. El titular de la nota enmarca el anuncio como consecuencia directa del reclamo: «Tras los reclamos por seguridad». Se refiere a la marcha del miércoles 5 de agosto y a los incidentes en la Jefatura Departamental (ver R24), cinco días antes. Segunda cobertura, 0223: agrega un helicóptero, el móvil «H», y la participación de Policía Siniestral e Inteligencia además de las fuerzas ya listadas. El anuncio lo hizo Javier Alonso, ministro de Seguridad bonaerense. Confirma que los 12 patrulleros del municipio son cofinanciamiento.
D14;2026-08-10;2026-08;General Pueyrredon;operativo;;;;1;;M;;confirmado;Calle 58 entre 42 y 429 bis, alrededor de las 8:30. Un hombre de 24 años que cumplía monitoreo electrónico por infracción a la Ley 23.737 se arrancó la pulsera, la tiró a un descampado y escapó al enterarse de que se informaría al Servicio Penitenciario. Lo interceptaron a 50 metros. Carátula: daño y evasión. Juzgado de Garantías N° 4 y UFI a cargo de Ana Caro. Unidad Penal 44 de Batán.
O10;2026-08-10;2026-08;General Pueyrredon;otro;;Los Andes;blanca;1;;;consumado;confirmado;Avenida Colón al 5800, alrededor de las 13:50. Un hombre de 49 años fue a una gomería a reclamar la devolución de una rueda y, ante la negativa del dueño, insultó, pateó objetos, amenazó de muerte y de incendiar el local, y sacó del baúl de su auto un machete de unos 45 centímetros con el que siguió amenazando. No hubo robo: es un conflicto. Detenido y trasladado a la Unidad Penal 44. Carátula: amenazas agravadas.
O11;2026-08-10;2026-08;General Pueyrredon;robo_vivienda;forzamiento;;;1;;;tentativa;confirmado;En Almirante Brown, alrededor de las 2:50 de la madrugada. Un hombre de 26 años forzó el portón de una cochera y fue encontrado adentro por el Comando de Patrullas, cerca de la escalera al primer piso. No se registraron faltantes en los vehículos. Carátula: robo en grado de tentativa. Comisaría Segunda, UFI de Flagrancia a cargo de Ana Caro.
X27;2026-08-10;2026-08;General Pueyrredon;contexto;;;;;;;;confirmado;"Unos 90 trabajadores de la Clínica Mar del Plata iniciaron una retención de tareas porque solo cobraron la mitad del salario de julio; la empresa comunicó que pagaría el resto después del 24 de agosto. Interviene el Sindicato de Sanidad, ATSA. Es el segundo conflicto en pocas semanas: antes habían reclamado por el medio aguinaldo impago."
X28;2026-08-10;2026-08;General Pueyrredon;contexto;;;;;;;;confirmado;La empresa Toledo comunicó que no pagará antes del 18 de agosto el 60% del salario que adeuda a sus trabajadores. Reclaman el SECZA y el cuerpo de delegados, que siguen en estado de alerta y asambleas. Junto con el conflicto de la Clínica Mar del Plata, son dos casos de salarios impagos en la ciudad el mismo día.
M16;2026-08-10;2026-08;General Pueyrredon;robo_via_publica;;Nueve de Julio;;0;;M;consumado;confirmado;Grecia entre Luro y 25 de Mayo, alrededor de las 12:10. Tres delincuentes abordaron a un hombre mayor cuando bajaba de su auto y, tras un forcejeo, le robaron las llaves del vehículo. Sin detenidos. Quedó registrado por cámaras de seguridad. A plena luz del día.
D15;2026-08-10;2026-08;General Pueyrredon;operativo;;Centro;;1;;M;;confirmado;25 de Mayo y Jujuy. Un hombre de 53 años fue aprehendido por la Patrulla Municipal tras detectarle presuntas maniobras de intercambio con terceros. Le secuestraron 10 envoltorios de nylon con clorhidrato de cocaína, 3,83 gramos en total. Carátula: tenencia ilegal de estupefacientes. UFIJ de Estupefacientes a cargo de María Daniela Ledesma.
O12;2026-08-10;2026-08;General Pueyrredon;otro;;Jorge Newbery;;0;;;consumado;confirmado;Falucho y República Árabe Siria, ex 218, a las 4:24 de la madrugada del lunes. Un joven incendió deliberadamente una camioneta Renault Master y volvió a las 5 con cómplices a llevarse piezas quemadas del motor, aluminio y cobre. Amenazaron a los dueños: «metete adentro porque te voy a volar la cabeza». La policía llegó a las 11. Esa misma noche hubo un segundo caso igual en Brown entre 216 y 218. Sin detenidos. Los vecinos denuncian que les dijeron que no podían actuar porque no les pasan fondos para cargar nafta a los patrulleros.
M17;2026-08-11;2026-08;General Pueyrredon;robo_automotor;motochorro;El Grosellar;fuego;0;;F;consumado;confirmado;Zona norte, a las 7:45. Dos motochorros armados le robaron un Chevrolet Onix a una mujer estacionada frente a su casa. Escaparon hacia Camet. Quedó filmado por una cámara de seguridad y duró segundos. Sin heridos ni detenidos.
D16;2026-08-11;2026-08;General Pueyrredon;operativo;;Aeroparque;fuego;2;;;;confirmado;"Pelayo y Aragón, por la mañana, tras un llamado al 911. Dos aprehendidos de 20 y 30 años. Se secuestró una pistola Bersa modelo TPR calibre 9 mm con cinco municiones y un morral rojo. Al de 30 años se lo imputa por portación ilegal de arma de guerra y encubrimiento; el de 20 recuperó la libertad bajo caución. Intervino el Comando de Patrullas Norte, Juzgado Correccional N° 3 y la fiscal de Flagrancia Mariana Baqueiro."
D17;2026-08-11;2026-08;General Pueyrredon;operativo;;Punta Mogotes;;1;;;;confirmado;Allanamiento en Giacobini al 1500. Se recuperó un Ford Mondeo híbrido gris, sin patentes, robado el 21 de julio en avenida Avellaneda al 2900. Se pidió la detención del ocupante de la vivienda, de 40 años. Carátula: hurto automotor. Fiscal Eduardo Layus, de la Oficina de Delitos Contra la Propiedad Automotor.
O13;2026-08-11;2026-08;General Pueyrredon;otro;;Nuevo Golf;fuego;0;menor de edad;M;consumado;en_investigacion;Un menor de edad ingresó al HIGA a las 9:48 con una herida de arma de fuego en el lado izquierdo. No aportó datos sobre las circunstancias ni sobre el lugar del ataque.
O14;2026-08-11;2026-08;General Pueyrredon;otro;;;blanca;0;27;M;consumado;en_investigacion;Un hombre de 27 años ingresó al HIGA a las 21:34 con una herida de arma blanca en la espalda y se retiró sin recibir asistencia médica. No aportó datos sobre el ataque ni sobre dónde ocurrió.
X29;2026-08-11;2026-08;General Pueyrredon;contexto;;;;;;;;confirmado;Despliegue policial con 50 patrulleros, 36 motos y 170 efectivos en distintos puntos de la ciudad, con controles, tareas de prevención y operativos cerrojo. Es la puesta en marcha del anuncio provincial del 10 de agosto. No se informaron oficialmente detalles sobre la cantidad de procedimientos, detenciones ni secuestros.
X30;2026-08-11;2026-08;General Pueyrredon;contexto;;;;;;;;confirmado;Trabajadores del exfrigorífico Sadowa reclaman indemnizaciones, feriados atrasados y vacaciones pendientes: 30 familias despedidas ahora y 15 empleados despedidos antes sin cobrar. Walter Verón, secretario gremial del Sindicato de la Carne de Mar del Plata, y Diego Molina, delegado: «son 30 familias que quedaron afuera, queremos soluciones porque venimos de mentira tras mentira». Denuncian promesas incumplidas del empresario Eugenio San Gregorio. Evalúan asamblea permanente y un posible corte de ruta tras la audiencia del viernes en el Ministerio de Trabajo.
X31;2026-08-11;2026-08;General Pueyrredon;contexto;;Regional;;0;67;M;;en_investigacion;"Perfil del conductor de aplicación asesinado en Villa La Palangana. La nota informa 67 años; la cobertura de la marcha del 5 de agosto había dicho 68, y la discrepancia queda sin resolver. Seguía manejando porque la jubilación no le alcanzaba: trabajaba nueve horas diarias sin francos. La investigación no tiene pista concreta ni detenidos; se trabaja sobre el auto, el teléfono y la documentación. Su hija sostiene que «para mí fue un homicidio en ocasión de robo» y pide testigos: «alguien tiene que hablar»."
